country,observation_year,life_rating,social_support,life_expectancy,freedom_to_make_life_choices,perceptions_of_corruption
Afghanistan,2008,3.724,0.451,50.8,0.718,0.882
Afghanistan,2009,4.402,0.552,51.2,0.679,0.85
Afghanistan,2010,4.758,0.539,51.6,0.6,0.707
Afghanistan,2011,3.832,0.521,51.92,0.496,0.731
Afghanistan,2012,3.783,0.521,52.24,0.531,0.776
Afghanistan,2013,3.572,0.484,52.56,0.578,0.823
Afghanistan,2014,3.131,0.526,52.88,0.509,0.871
Afghanistan,2015,3.983,0.529,53.2,0.389,0.881
Afghanistan,2016,4.22,0.559,53,0.523,0.793
Afghanistan,2017,2.662,0.491,52.8,0.427,0.954
Afghanistan,2018,2.694,0.508,52.6,0.374,0.928
Afghanistan,2019,2.375,0.42,52.4,0.394,0.924
Albania,2007,4.634,0.821,65.8,0.529,0.875
Albania,2009,5.485,0.833,66.2,0.525,0.864
Albania,2010,5.269,0.733,66.4,0.569,0.726
Albania,2011,5.867,0.759,66.68,0.487,0.877
Albania,2012,5.51,0.785,66.96,0.602,0.848
Albania,2013,4.551,0.759,67.24,0.632,0.863
Albania,2014,4.814,0.626,67.52,0.735,0.883
Albania,2015,4.607,0.639,67.8,0.704,0.885
Albania,2016,4.511,0.638,68.1,0.73,0.901
Albania,2017,4.64,0.638,68.4,0.75,0.876
Albania,2018,5.004,0.684,68.7,0.824,0.899
Albania,2019,4.995,0.686,69,0.777,0.914
Albania,2020,5.365,0.71,69.3,0.754,0.891
Algeria,2010,5.464,,64.5,0.593,0.618
Algeria,2011,5.317,0.81,64.66,0.53,0.638
Algeria,2012,5.605,0.839,64.82,0.587,0.69
Algeria,2014,6.355,0.818,65.14,,
Algeria,2016,5.341,0.749,65.5,,
Algeria,2017,5.249,0.807,65.7,0.437,0.7
Algeria,2018,5.043,0.799,65.9,0.583,0.759
Algeria,2019,4.745,0.803,66.1,0.385,0.741
Angola,2011,5.589,0.723,52.5,0.584,0.911
Angola,2012,4.36,0.753,53.2,0.456,0.906
Angola,2013,3.937,0.722,53.9,0.41,0.816
Angola,2014,3.795,0.755,54.6,0.375,0.834
Argentina,2006,6.313,0.938,66.82,0.733,0.852
Argentina,2007,6.073,0.862,66.94,0.653,0.881
Argentina,2008,5.961,0.892,67.06,0.678,0.865
Argentina,2009,6.424,0.919,67.18,0.637,0.885
Argentina,2010,6.441,0.927,67.3,0.73,0.855
Argentina,2011,6.776,0.889,67.48,0.816,0.755
Argentina,2012,6.468,0.902,67.66,0.747,0.817
Argentina,2013,6.582,0.91,67.84,0.737,0.823
Argentina,2014,6.671,0.918,68.02,0.745,0.854
Argentina,2015,6.697,0.926,68.2,0.881,0.851
Argentina,2016,6.427,0.883,68.4,0.848,0.851
Argentina,2017,6.039,0.907,68.6,0.832,0.841
Argentina,2018,5.793,0.9,68.8,0.846,0.855
Argentina,2019,6.086,0.896,69,0.817,0.83
Argentina,2020,5.901,0.897,69.2,0.823,0.816
Armenia,2006,4.289,0.682,64.8,0.52,0.85
Armenia,2007,4.882,0.76,64.9,0.605,0.817
Armenia,2008,4.652,0.709,65,0.462,0.876
Armenia,2009,4.178,0.68,65.1,0.441,0.882
Armenia,2010,4.368,0.66,65.2,0.459,0.891
Armenia,2011,4.26,0.705,65.36,0.465,0.875
Armenia,2012,4.32,0.676,65.52,0.502,0.893
Armenia,2013,4.277,0.723,65.68,0.504,0.9
Armenia,2014,4.453,0.739,65.84,0.506,0.92
Armenia,2015,4.348,0.723,66,0.551,0.901
Armenia,2016,4.325,0.709,66.3,0.611,0.921
Armenia,2017,4.288,0.698,66.6,0.614,0.865
Armenia,2018,5.062,0.814,66.9,0.808,0.677
Armenia,2019,5.488,0.782,67.2,0.844,0.583
Australia,2005,7.341,0.968,71.4,0.935,0.39
Australia,2007,7.285,0.965,71.72,0.891,0.513
Australia,2008,7.254,0.947,71.88,0.916,0.431
Australia,2010,7.45,0.955,72.2,0.932,0.366
Australia,2011,7.406,0.967,72.3,0.945,0.382
Australia,2012,7.196,0.945,72.4,0.935,0.368
Australia,2013,7.364,0.928,72.5,0.933,0.432
Australia,2014,7.289,0.924,72.6,0.923,0.442
Australia,2015,7.309,0.952,72.7,0.922,0.357
Australia,2016,7.25,0.942,73,0.922,0.399
Australia,2017,7.257,0.95,73.3,0.911,0.411
Australia,2018,7.177,0.94,73.6,0.916,0.405
Australia,2019,7.234,0.943,73.9,0.918,0.43
Australia,2020,7.137,0.937,74.2,0.905,0.491
Austria,2006,7.122,0.936,70.76,0.941,0.49
Austria,2008,7.181,0.935,71.08,0.879,0.614
Austria,2010,7.303,0.914,71.4,0.896,0.546
Austria,2011,7.471,0.944,71.54,0.939,0.703
Austria,2012,7.401,0.945,71.68,0.92,0.771
Austria,2013,7.499,0.95,71.82,0.922,0.679
Austria,2014,6.95,0.899,71.96,0.885,0.567
Austria,2015,7.076,0.928,72.1,0.9,0.557
Austria,2016,7.048,0.926,72.4,0.889,0.524
Austria,2017,7.294,0.906,72.7,0.89,0.518
Austria,2018,7.396,0.912,73,0.904,0.523
Austria,2019,7.195,0.964,73.3,0.903,0.457
Austria,2020,7.213,0.925,73.6,0.912,0.464
Azerbaijan,2006,4.728,0.854,61.88,0.772,0.774
Azerbaijan,2007,4.568,0.753,62.26,0.522,0.871
Azerbaijan,2008,4.817,0.684,62.64,0.601,0.715
Azerbaijan,2009,4.574,0.736,63.02,0.498,0.754
Azerbaijan,2010,4.219,0.687,63.4,0.501,0.858
Azerbaijan,2011,4.68,0.725,63.64,0.537,0.795
Azerbaijan,2012,4.911,0.762,63.88,0.599,0.763
Azerbaijan,2013,5.481,0.77,64.12,0.672,0.699
Azerbaijan,2014,5.252,0.799,64.36,0.733,0.654
Azerbaijan,2015,5.147,0.786,64.6,0.764,0.616
Azerbaijan,2016,5.304,0.777,64.9,0.713,0.607
Azerbaijan,2017,5.152,0.787,65.2,0.731,0.653
Azerbaijan,2018,5.168,0.781,65.5,0.772,0.561
Azerbaijan,2019,5.173,0.887,65.8,0.854,0.457
Bahrain,2009,5.701,0.904,65.94,0.896,0.506
Bahrain,2010,5.937,0.877,66.3,0.862,0.715
Bahrain,2011,4.824,0.908,66.58,0.87,0.583
Bahrain,2012,5.027,0.911,66.86,0.682,0.438
Bahrain,2013,6.69,0.884,67.14,0.809,0.525
Bahrain,2014,6.165,,67.42,,
Bahrain,2015,6.007,0.853,67.7,0.85,
Bahrain,2016,6.17,0.863,68.1,0.889,
Bahrain,2017,6.227,0.876,68.5,0.906,
Bahrain,2019,7.098,0.878,69.3,0.907,
Bahrain,2020,6.173,0.848,69.7,0.945,
Bangladesh,2006,4.319,0.672,59.02,0.612,0.786
Bangladesh,2007,4.607,0.514,59.44,0.605,0.806
Bangladesh,2008,5.052,0.467,59.86,0.606,0.802
Bangladesh,2009,5.083,0.528,60.28,0.631,0.776
Bangladesh,2010,4.858,0.549,60.7,0.659,0.774
Bangladesh,2011,4.986,0.606,61.12,0.838,0.757
Bangladesh,2012,4.724,0.582,61.54,0.668,0.765
Bangladesh,2013,4.66,0.53,61.96,0.742,0.743
Bangladesh,2014,4.636,0.577,62.38,0.736,0.789
Bangladesh,2015,4.633,0.601,62.8,0.815,0.721
Bangladesh,2016,4.556,0.649,63.3,0.875,0.688
Bangladesh,2017,4.31,0.713,63.8,0.896,0.635
Bangladesh,2018,4.499,0.706,64.3,0.901,0.701
Bangladesh,2019,5.114,0.673,64.8,0.902,0.656
Bangladesh,2020,5.28,0.739,65.3,0.777,0.742
Belarus,2006,5.658,0.918,61.1,0.707,0.708
Belarus,2007,5.617,0.858,61.4,0.667,0.695
Belarus,2008,5.463,0.904,61.7,0.64,0.696
Belarus,2009,5.564,0.908,62,0.679,0.676
Belarus,2010,5.526,0.918,62.3,0.7,0.706
Belarus,2011,5.225,0.91,62.88,0.656,0.672
Belarus,2012,5.749,0.902,63.46,0.645,0.657
Belarus,2013,5.876,0.923,64.04,0.723,0.653
Belarus,2014,5.812,0.88,64.62,0.647,0.682
Belarus,2015,5.719,0.924,65.2,0.623,0.669
Belarus,2016,5.178,0.927,65.5,0.658,0.664
Belarus,2017,5.553,0.9,65.8,0.621,0.654
Belarus,2018,5.234,0.905,66.1,0.644,0.718
Belarus,2019,5.821,0.917,66.4,0.657,0.546
Belgium,2005,7.262,0.935,69.9,0.924,0.598
Belgium,2007,7.219,0.922,70.26,0.901,0.721
Belgium,2008,7.117,0.923,70.44,0.887,0.652
Belgium,2010,6.854,0.931,70.8,0.807,0.697
Belgium,2011,7.111,0.937,70.92,0.88,0.711
Belgium,2012,6.935,0.927,71.04,0.855,0.758
Belgium,2013,7.104,0.909,71.16,0.891,0.574
Belgium,2014,6.855,0.944,71.28,0.861,0.512
Belgium,2015,6.904,0.885,71.4,0.869,0.469
Belgium,2016,6.949,0.929,71.6,0.866,0.497
Belgium,2017,6.928,0.922,71.8,0.857,0.543
Belgium,2018,6.892,0.93,72,0.808,0.63
Belgium,2019,6.772,0.884,72.2,0.776,0.672
Belgium,2020,6.839,0.904,72.4,0.767,0.634
Belize,2007,6.451,0.872,61.6,0.705,0.769
Belize,2014,5.956,0.757,62.22,0.874,0.782
Benin,2006,3.33,0.445,50.1,0.58,0.79
Benin,2008,3.667,0.382,50.9,0.709,0.825
Benin,2011,3.87,0.477,51.98,0.773,0.849
Benin,2012,3.193,0.523,52.26,0.769,0.806
Benin,2013,3.479,0.577,52.54,0.783,0.856
Benin,2014,3.347,0.506,52.82,0.776,0.855
Benin,2015,3.625,0.434,53.1,0.733,0.85
Benin,2016,4.007,0.493,53.5,0.78,0.838
Benin,2017,4.853,0.436,53.9,0.727,0.767
Benin,2018,5.82,0.504,54.3,0.713,0.747
Benin,2019,4.976,0.442,54.7,0.77,0.698
Benin,2020,4.408,0.507,55.1,0.783,0.532
Bhutan,2013,5.569,0.819,59.6,0.81,0.802
Bhutan,2014,4.939,0.88,59.9,0.834,0.65
Bhutan,2015,5.082,0.848,60.2,0.83,0.634
Bolivia,2006,5.374,0.834,59,0.77,0.794
Bolivia,2007,5.628,0.796,59.5,0.78,0.817
Bolivia,2008,5.298,0.785,60,0.726,0.801
Bolivia,2009,6.086,0.831,60.5,0.779,0.763
Bolivia,2010,5.781,0.807,61,0.703,0.781
Bolivia,2011,5.779,0.817,61.34,0.782,0.825
Bolivia,2012,6.019,0.781,61.68,0.862,0.84
Bolivia,2013,5.767,0.803,62.02,0.846,0.812
Bolivia,2014,5.865,0.821,62.36,0.881,0.832
Bolivia,2015,5.834,0.829,62.7,0.884,0.862
Bolivia,2016,5.77,0.796,63,0.882,0.853
Bolivia,2017,5.651,0.779,63.3,0.884,0.819
Bolivia,2018,5.916,0.827,63.6,0.863,0.786
Bolivia,2019,5.674,0.784,63.9,0.881,0.857
Bolivia,2020,5.559,0.805,64.2,0.877,0.868
Bosnia and Herzegovina,2007,4.9,0.766,66.04,0.342,0.926
Bosnia and Herzegovina,2009,4.963,0.735,66.48,0.258,0.959
Bosnia and Herzegovina,2010,4.669,0.773,66.7,0.365,0.933
Bosnia and Herzegovina,2011,4.995,0.725,66.74,0.333,0.925
Bosnia and Herzegovina,2012,4.773,0.779,66.78,0.42,0.953
Bosnia and Herzegovina,2013,5.124,0.767,66.82,0.39,0.97
Bosnia and Herzegovina,2014,5.249,0.788,66.86,0.412,0.976
Bosnia and Herzegovina,2015,5.117,0.656,66.9,0.631,0.96
Bosnia and Herzegovina,2016,5.181,0.808,67.2,0.633,0.957
Bosnia and Herzegovina,2017,5.09,0.775,67.5,0.564,0.923
Bosnia and Herzegovina,2018,5.887,0.836,67.8,0.659,0.913
Bosnia and Herzegovina,2019,6.016,0.873,68.1,0.722,0.963
Bosnia and Herzegovina,2020,5.516,0.899,68.4,0.74,0.916
Botswana,2006,4.739,0.883,46.82,0.824,0.723
Botswana,2008,5.451,0.832,49.86,0.858,0.806
Botswana,2010,3.553,0.866,52.9,0.826,0.814
Botswana,2011,3.52,0.86,53.68,0.813,0.816
Botswana,2012,4.836,0.837,54.46,0.799,0.814
Botswana,2013,4.128,0.856,55.24,0.767,0.749
Botswana,2014,4.031,0.859,56.02,0.791,0.743
Botswana,2015,3.762,0.816,56.8,0.857,0.86
Botswana,2016,3.499,0.768,57.5,0.852,0.729
Botswana,2017,3.505,0.768,58.2,0.817,0.731
Botswana,2018,3.461,0.795,58.9,0.818,0.807
Botswana,2019,3.471,0.774,59.6,0.833,0.792
Brazil,2005,6.637,0.883,63.3,0.882,0.745
Brazil,2007,6.321,0.886,63.78,0.777,0.728
Brazil,2008,6.691,0.878,64.02,0.782,0.688
Brazil,2009,7.001,0.913,64.26,0.767,0.723
Brazil,2010,6.837,0.906,64.5,0.806,0.656
Brazil,2011,7.038,0.916,64.76,0.834,0.662
Brazil,2012,6.66,0.89,65.02,0.849,0.623
Brazil,2013,7.14,0.91,65.28,0.785,0.707
Brazil,2014,6.981,0.898,65.54,0.714,0.71
Brazil,2015,6.547,0.907,65.8,0.799,0.771
Brazil,2016,6.375,0.912,66,0.807,0.781
Brazil,2017,6.333,0.905,66.2,0.765,0.794
Brazil,2018,6.191,0.882,66.4,0.751,0.763
Brazil,2019,6.451,0.899,66.6,0.83,0.762
Brazil,2020,6.11,0.831,66.8,0.786,0.729
Bulgaria,2007,3.844,0.832,65.1,0.566,0.976
Bulgaria,2010,3.912,0.843,65.7,0.545,0.941
Bulgaria,2011,3.875,0.86,65.8,0.664,0.948
Bulgaria,2012,4.222,0.838,65.9,0.641,0.938
Bulgaria,2013,3.993,0.829,66,0.603,0.962
Bulgaria,2014,4.438,0.886,66.1,0.576,0.955
Bulgaria,2015,4.865,0.908,66.2,0.637,0.941
Bulgaria,2016,4.838,0.926,66.4,0.7,0.936
Bulgaria,2017,5.097,0.942,66.6,0.689,0.911
Bulgaria,2018,5.099,0.924,66.8,0.724,0.952
Bulgaria,2019,5.108,0.948,67,0.822,0.943
Bulgaria,2020,5.598,0.916,67.2,0.818,0.901
Burkina Faso,2006,3.801,0.796,46.66,0.588,0.798
Burkina Faso,2007,4.017,0.771,47.42,0.582,0.833
Burkina Faso,2008,3.846,0.727,48.18,0.612,0.887
Burkina Faso,2010,4.036,0.773,49.7,0.587,0.767
Burkina Faso,2011,4.785,0.71,50.24,0.725,0.707
Burkina Faso,2012,3.955,0.744,50.78,0.622,0.726
Burkina Faso,2013,3.326,0.745,51.32,0.741,0.765
Burkina Faso,2014,3.481,0.742,51.86,0.71,0.801
Burkina Faso,2015,4.419,0.705,52.4,0.659,0.693
Burkina Faso,2016,4.206,0.764,52.9,0.645,0.721
Burkina Faso,2017,4.647,0.785,53.4,0.614,0.727
Burkina Faso,2018,4.927,0.665,53.9,0.721,0.757
Burkina Faso,2019,4.741,0.683,54.4,0.678,0.729
Burundi,2008,3.563,0.291,49.02,0.26,0.86
Burundi,2009,3.792,0.326,49.66,0.427,0.718
Burundi,2011,3.706,0.422,50.68,0.49,0.677
Burundi,2014,2.905,0.565,51.82,0.431,0.808
Burundi,2018,3.775,0.485,53.4,0.646,0.599
Cambodia,2006,3.569,0.793,55.3,,0.829
Cambodia,2007,4.156,0.675,56.1,0.819,0.879
Cambodia,2008,4.462,0.619,56.9,0.914,0.888
Cambodia,2009,4.111,0.818,57.7,0.937,0.965
Cambodia,2010,4.141,0.697,58.5,0.94,0.896
Cambodia,2011,4.161,0.716,58.88,0.927,0.775
Cambodia,2012,3.899,0.606,59.26,0.956,0.89
Cambodia,2013,3.674,0.651,59.64,0.941,0.812
Cambodia,2014,3.883,0.693,60.02,0.938,0.843
Cambodia,2015,4.162,0.729,60.4,0.956,0.825
Cambodia,2016,4.461,0.746,60.8,0.958,0.84
Cambodia,2017,4.586,0.765,61.2,0.964,0.821
Cambodia,2018,5.122,0.795,61.6,0.958,
Cambodia,2019,4.998,0.759,62,0.957,0.828
Cambodia,2020,4.377,0.724,62.4,0.963,0.863
Cameroon,2006,3.851,0.69,45.98,0.653,0.907
Cameroon,2007,4.35,0.717,46.56,0.644,0.91
Cameroon,2008,4.292,0.697,47.14,0.58,0.945
Cameroon,2009,4.741,0.729,47.72,0.698,0.925
Cameroon,2010,4.554,0.759,48.3,0.792,0.875
Cameroon,2011,4.434,0.738,48.7,0.817,0.87
Cameroon,2012,4.245,0.743,49.1,0.766,0.898
Cameroon,2013,4.271,0.76,49.5,0.794,0.867
Cameroon,2014,4.24,0.778,49.9,0.795,0.856
Cameroon,2015,5.038,0.646,50.3,0.791,0.868
Cameroon,2016,4.816,0.659,51.1,0.713,0.879
Cameroon,2017,5.074,0.695,51.9,0.767,0.844
Cameroon,2018,5.251,0.677,52.7,0.816,0.884
Cameroon,2019,4.937,0.711,53.5,0.712,0.817
Cameroon,2020,5.241,0.72,54.3,0.675,0.837
Canada,2005,7.418,0.962,71.3,0.957,0.503
Canada,2007,7.482,,71.66,0.93,0.406
Canada,2008,7.486,0.939,71.84,0.926,0.37
Canada,2009,7.488,0.943,72.02,0.915,0.413
Canada,2010,7.65,0.954,72.2,0.934,0.413
Canada,2011,7.426,0.922,72.36,0.951,0.433
Canada,2012,7.415,0.948,72.52,0.918,0.466
Canada,2013,7.594,0.936,72.68,0.916,0.406
Canada,2014,7.304,0.918,72.84,0.939,0.442
Canada,2015,7.413,0.939,73,0.931,0.427
Canada,2016,7.245,0.924,73.2,0.912,0.385
Canada,2017,7.415,0.934,73.4,0.945,0.362
Canada,2018,7.175,0.923,73.6,0.946,0.372
Canada,2019,7.109,0.925,73.8,0.912,0.436
Canada,2020,7.025,0.931,74,0.887,0.434
Central African Republic,2007,4.16,0.532,40.9,0.663,0.782
Central African Republic,2010,3.568,0.483,42.7,0.69,0.845
Central African Republic,2011,3.678,0.387,43.08,0.78,0.834
Central African Republic,2016,2.693,0.29,44.9,0.624,0.859
Central African Republic,2017,3.476,0.32,45.2,0.645,0.89
Chad,2006,3.435,0.724,43.18,0.306,0.961
Chad,2007,4.141,0.479,43.66,0.295,0.874
Chad,2008,4.632,0.571,44.14,0.527,0.944
Chad,2009,3.639,0.646,44.62,0.401,0.931
Chad,2010,3.743,0.734,45.1,0.505,0.858
Chad,2011,4.393,0.819,45.42,0.54,0.876
Chad,2012,4.033,0.673,45.74,0.563,0.884
Chad,2013,3.508,0.714,46.06,0.488,0.882
Chad,2014,3.46,0.733,46.38,0.567,0.881
Chad,2015,4.323,0.751,46.7,0.474,0.889
Chad,2016,4.029,0.616,47.2,0.525,0.82
Chad,2017,4.559,0.661,47.7,0.615,0.792
Chad,2018,4.486,0.577,48.2,0.65,0.763
Chad,2019,4.251,0.64,48.7,0.537,0.832
Chile,2006,6.063,0.836,68.66,0.744,0.634
Chile,2007,5.698,0.815,68.72,0.662,0.723
Chile,2008,5.789,0.804,68.78,0.64,0.741
Chile,2009,6.494,0.832,68.84,0.747,0.734
Chile,2010,6.636,0.857,68.9,0.786,0.702
Chile,2011,6.526,0.819,69.04,0.701,0.753
Chile,2012,6.599,0.855,69.18,0.734,0.782
Chile,2013,6.74,0.862,69.32,0.737,0.741
Chile,2014,6.844,0.862,69.46,0.733,0.758
Chile,2015,6.533,0.827,69.6,0.769,0.812
Chile,2016,6.579,0.841,69.7,0.652,0.858
Chile,2017,6.32,0.88,69.8,0.79,0.836
Chile,2018,6.436,0.89,69.9,0.789,0.816
Chile,2019,5.942,0.869,70,0.659,0.86
Chile,2020,6.151,0.888,70.1,0.781,0.812
China,2006,4.56,0.747,66.88,,
China,2007,4.863,0.811,67.06,,
China,2008,4.846,0.748,67.24,0.853,
China,2009,4.454,0.798,67.42,0.771,
China,2010,4.653,0.768,67.6,0.805,
China,2011,5.037,0.787,67.76,0.824,
China,2012,5.095,0.788,67.92,0.808,
China,2013,5.241,0.778,68.08,0.805,
China,2014,5.196,0.82,68.24,,
China,2015,5.304,0.794,68.4,,
China,2016,5.325,0.742,68.7,,
China,2017,5.099,0.772,69,0.878,
China,2018,5.131,0.788,69.3,0.895,
China,2019,5.144,0.822,69.6,0.927,
China,2020,5.771,0.808,69.9,0.891,
Colombia,2006,6.025,0.91,65.22,0.805,0.808
Colombia,2007,6.138,0.894,65.34,0.786,0.86
Colombia,2008,6.168,0.88,65.46,0.795,0.763
Colombia,2009,6.272,0.886,65.58,0.757,0.837
Colombia,2010,6.408,0.893,65.7,0.816,0.815
Colombia,2011,6.464,0.904,65.92,0.811,0.847
Colombia,2012,6.375,0.914,66.14,0.828,0.868
Colombia,2013,6.607,0.901,66.36,0.841,0.898
Colombia,2014,6.449,0.907,66.58,0.801,0.887
Colombia,2015,6.388,0.89,66.8,0.791,0.843
Colombia,2016,6.234,0.882,67.1,0.835,0.898
Colombia,2017,6.157,0.909,67.4,0.838,0.875
Colombia,2018,5.984,0.871,67.7,0.851,0.855
Colombia,2019,6.35,0.873,68,0.822,0.854
Colombia,2020,5.709,0.797,68.3,0.84,0.808
Comoros,2009,3.476,0.629,54.36,0.508,0.838
Comoros,2010,3.812,0.721,54.7,0.529,0.741
Comoros,2011,3.838,0.722,55.02,0.5,0.732
Comoros,2012,3.956,0.719,55.34,0.534,0.651
Comoros,2018,3.973,0.621,57.2,0.56,0.794
Comoros,2019,4.609,0.632,57.5,0.538,0.762
Congo (Brazzaville),2008,3.82,0.555,52.2,0.526,
Congo (Brazzaville),2011,4.51,0.637,54.58,0.745,0.833
Congo (Brazzaville),2012,3.919,0.622,54.96,0.773,0.8
Congo (Brazzaville),2013,3.955,0.68,55.34,0.726,0.752
Congo (Brazzaville),2014,4.056,0.686,55.72,0.662,0.808
Congo (Brazzaville),2015,4.691,0.642,56.1,0.85,0.841
Congo (Brazzaville),2016,4.119,0.615,56.7,0.786,0.79
Congo (Brazzaville),2017,4.884,0.655,57.3,0.778,0.763
Congo (Brazzaville),2018,5.49,0.621,57.9,0.699,0.738
Congo (Brazzaville),2019,5.213,0.625,58.5,0.686,0.741
Congo (Kinshasa),2009,3.984,0.733,49.34,0.556,0.824
Congo (Kinshasa),2011,4.517,0.744,50.34,0.631,0.856
Congo (Kinshasa),2012,4.639,0.77,50.78,0.557,0.807
Congo (Kinshasa),2013,4.497,0.83,51.22,0.48,0.913
Congo (Kinshasa),2014,4.414,0.822,51.66,0.556,0.814
Congo (Kinshasa),2015,3.903,0.767,52.1,0.574,0.866
Congo (Kinshasa),2016,4.522,0.864,52.5,0.637,0.875
Congo (Kinshasa),2017,4.311,0.67,52.9,0.704,0.809
Costa Rica,2006,7.082,0.937,69.94,0.882,0.798
Costa Rica,2007,7.432,0.918,69.88,0.923,0.82
Costa Rica,2008,6.851,0.916,69.82,0.912,0.816
Costa Rica,2009,7.615,0.9,69.76,0.886,0.787
Costa Rica,2010,7.271,0.915,69.7,0.881,0.763
Costa Rica,2011,7.229,0.892,69.9,0.926,0.837
Costa Rica,2012,7.272,0.902,70.1,0.929,0.794
Costa Rica,2013,7.158,0.902,70.3,0.898,0.813
Costa Rica,2014,7.247,0.914,70.5,0.927,0.788
Costa Rica,2015,6.854,0.878,70.7,0.907,0.761
Costa Rica,2016,7.136,0.901,70.9,0.873,0.781
Costa Rica,2017,7.225,0.922,71.1,0.936,0.742
Costa Rica,2018,7.141,0.876,71.3,0.942,0.781
Costa Rica,2019,6.998,0.906,71.5,0.927,0.836
Croatia,2007,5.821,0.91,67.12,0.662,0.934
Croatia,2009,5.433,0.861,67.64,0.549,0.958
Croatia,2010,5.596,0.796,67.9,0.564,0.973
Croatia,2011,5.385,0.79,68,0.517,0.977
Croatia,2012,6.028,0.776,68.1,0.542,0.924
Croatia,2013,5.885,0.751,68.2,0.627,0.936
Croatia,2014,5.381,0.646,68.3,0.519,0.918
Croatia,2015,5.205,0.768,68.4,0.694,0.849
Croatia,2016,5.417,0.798,69,0.672,0.884
Croatia,2017,5.343,0.77,69.6,0.716,0.892
Croatia,2018,5.536,0.91,70.2,0.691,0.925
Croatia,2019,5.626,0.936,70.8,0.739,0.932
Croatia,2020,6.508,0.923,71.4,0.837,0.961
Cuba,2006,5.418,0.97,68.44,0.281,
Cyprus,2006,6.238,0.878,71.44,0.836,0.712
Cyprus,2009,6.833,0.812,72.16,0.775,0.801
Cyprus,2010,6.387,0.822,72.4,0.755,0.833
Cyprus,2011,6.69,0.844,72.54,0.745,0.841
Cyprus,2012,6.181,0.767,72.68,0.725,0.871
Cyprus,2013,5.439,0.744,72.82,0.656,0.867
Cyprus,2014,5.627,0.77,72.96,0.715,0.868
Cyprus,2015,5.439,0.77,73.1,0.628,0.893
Cyprus,2016,5.795,0.786,73.3,0.756,0.898
Cyprus,2017,6.062,0.819,73.5,0.812,0.851
Cyprus,2018,6.276,0.826,73.7,0.794,0.848
Cyprus,2019,6.137,0.776,73.9,0.74,0.865
Cyprus,2020,6.26,0.806,74.1,0.763,0.816
Czech Republic,2005,6.439,0.919,67,0.865,0.901
Czech Republic,2007,6.5,0.9,67.44,0.799,0.928
Czech Republic,2010,6.25,0.934,68.1,0.779,0.926
Czech Republic,2011,6.331,0.914,68.24,0.787,0.95
Czech Republic,2012,6.334,0.912,68.38,0.74,0.957
Czech Republic,2013,6.698,0.888,68.52,0.726,0.916
Czech Republic,2014,6.484,0.878,68.66,0.8,0.897
Czech Republic,2015,6.608,0.911,68.8,0.808,0.886
Czech Republic,2016,6.736,0.931,69.3,0.85,0.9
Czech Republic,2017,6.79,0.901,69.8,0.832,0.867
Czech Republic,2018,7.034,0.929,70.3,0.79,0.851
Czech Republic,2020,6.897,0.964,71.3,0.906,0.884
Denmark,2005,8.019,0.972,69.6,0.971,0.237
Denmark,2007,7.834,0.954,69.92,0.932,0.206
Denmark,2008,7.971,0.954,70.08,0.97,0.248
Denmark,2009,7.683,0.939,70.24,0.949,0.206
Denmark,2010,7.771,0.975,70.4,0.944,0.175
Denmark,2011,7.788,0.962,70.62,0.935,0.22
Denmark,2012,7.52,0.951,70.84,0.933,0.187
Denmark,2013,7.589,0.965,71.06,0.92,0.17
Denmark,2014,7.508,0.956,71.28,0.942,0.237
Denmark,2015,7.514,0.96,71.5,0.941,0.191
Denmark,2016,7.558,0.954,71.8,0.948,0.21
Denmark,2017,7.594,0.952,72.1,0.955,0.181
Denmark,2018,7.649,0.958,72.4,0.935,0.151
Denmark,2019,7.693,0.958,72.7,0.963,0.174
Denmark,2020,7.515,0.947,73,0.938,0.214
Djibouti,2008,5.009,0.69,53.26,0.773,0.576
Djibouti,2009,4.906,0.901,53.78,0.649,0.634
Djibouti,2010,5.006,,54.3,0.764,0.597
Djibouti,2011,4.369,0.633,54.7,0.746,0.519
Dominican Republic,2006,5.088,0.919,62.68,0.858,0.755
Dominican Republic,2007,5.081,0.848,62.96,0.886,0.772
Dominican Republic,2008,4.842,0.85,63.24,0.848,0.728
Dominican Republic,2009,5.432,0.878,63.52,0.863,0.806
Dominican Republic,2010,4.735,0.86,63.8,0.824,0.78
Dominican Republic,2011,5.397,0.872,64.02,0.848,0.788
Dominican Republic,2012,4.753,0.879,64.24,0.84,0.727
Dominican Republic,2013,5.016,0.878,64.46,0.889,0.752
Dominican Republic,2014,5.387,0.891,64.68,0.905,0.76
Dominican Republic,2015,5.062,0.893,64.9,0.856,0.755
Dominican Republic,2016,5.239,0.895,65.2,0.873,0.737
Dominican Republic,2017,5.605,0.894,65.5,0.855,0.76
Dominican Republic,2018,5.433,0.862,65.8,0.867,0.762
Dominican Republic,2019,6.004,0.884,66.1,0.877,0.746
Dominican Republic,2020,5.168,0.806,66.4,0.835,0.636
Ecuador,2006,5.024,0.91,66.08,0.671,0.901
Ecuador,2007,4.996,0.839,66.26,0.67,0.83
Ecuador,2008,5.297,0.829,66.44,0.64,0.801
Ecuador,2009,6.022,0.779,66.62,0.737,0.774
Ecuador,2010,5.838,0.839,66.8,0.723,0.806
Ecuador,2011,5.795,0.818,66.96,0.788,0.702
Ecuador,2012,5.961,0.785,67.12,0.825,0.73
Ecuador,2013,6.019,0.801,67.28,0.787,0.646
Ecuador,2014,5.946,0.831,67.44,0.719,0.661
Ecuador,2015,5.964,0.856,67.6,0.801,0.666
Ecuador,2016,6.115,0.842,67.9,0.846,0.774
Ecuador,2017,5.84,0.849,68.2,0.879,0.734
Ecuador,2018,6.128,0.851,68.5,0.869,0.831
Ecuador,2019,5.809,0.808,68.8,0.83,0.839
Ecuador,2020,5.354,0.804,69.1,0.829,0.855
Egypt,2005,5.168,0.848,59.7,0.817,
Egypt,2007,5.541,0.686,59.82,0.609,
Egypt,2008,4.632,0.738,59.88,,0.914
Egypt,2009,5.066,0.744,59.94,0.611,0.801
Egypt,2010,4.669,0.769,60,0.486,0.826
Egypt,2011,4.174,0.753,60.16,0.59,0.859
Egypt,2012,4.204,0.737,60.32,0.452,0.88
Egypt,2013,3.559,0.675,60.48,0.474,0.913
Egypt,2014,4.885,0.619,60.64,0.578,0.749
Egypt,2015,4.763,0.73,60.8,0.659,0.684
Egypt,2016,4.557,0.809,61.1,0.656,0.818
Egypt,2017,3.929,0.638,61.4,0.593,
Egypt,2018,4.005,0.759,61.7,0.682,
Egypt,2019,4.328,0.772,62,0.774,
Egypt,2020,4.472,0.673,62.3,0.77,
El Salvador,2006,5.701,0.878,62.92,0.683,0.807
El Salvador,2007,5.296,0.717,63.24,0.639,0.785
El Salvador,2008,5.191,0.747,63.56,0.636,0.735
El Salvador,2009,6.839,0.734,63.88,0.671,0.648
El Salvador,2010,6.74,0.757,64.2,0.669,0.694
El Salvador,2011,4.741,0.731,64.4,0.747,0.707
El Salvador,2012,5.934,0.806,64.6,0.683,0.786
El Salvador,2013,6.325,0.827,64.8,0.716,0.772
El Salvador,2014,5.857,0.798,65,0.778,0.781
El Salvador,2015,6.018,0.791,65.2,0.733,0.805
El Salvador,2016,6.14,0.794,65.5,0.8,0.797
El Salvador,2017,6.339,0.829,65.8,0.758,0.778
El Salvador,2018,6.241,0.82,66.1,0.863,0.801
El Salvador,2019,6.455,0.764,66.4,0.877,0.682
El Salvador,2020,5.462,0.696,66.7,0.924,0.583
Estonia,2006,5.371,0.91,64.86,0.749,0.797
Estonia,2007,5.332,0.896,65.32,0.712,0.743
Estonia,2008,5.452,0.904,65.78,0.642,0.663
Estonia,2009,5.138,0.874,66.24,0.611,0.793
Estonia,2011,5.487,0.909,66.96,0.735,0.687
Estonia,2012,5.364,0.889,67.22,0.697,0.793
Estonia,2013,5.367,0.901,67.48,0.754,0.726
Estonia,2014,5.556,0.917,67.74,0.773,0.652
Estonia,2015,5.629,0.918,68,0.815,0.569
Estonia,2016,5.65,0.938,68.2,0.843,0.639
Estonia,2017,5.938,0.936,68.4,0.862,0.668
Estonia,2018,6.091,0.933,68.6,0.886,0.621
Estonia,2019,6.035,0.934,68.8,0.887,0.576
Estonia,2020,6.453,0.958,69,0.954,0.398
Ethiopia,2012,4.561,0.659,55.2,0.776,
Ethiopia,2013,4.445,0.602,55.8,0.707,0.75
Ethiopia,2014,4.507,0.64,56.4,0.694,0.702
Ethiopia,2015,4.573,0.626,57,0.803,0.567
Ethiopia,2016,4.298,0.719,57.5,0.744,0.703
Ethiopia,2017,4.18,0.734,58,0.717,0.757
Ethiopia,2018,4.379,0.74,58.5,0.74,0.799
Ethiopia,2019,4.1,0.748,59,0.754,0.732
Ethiopia,2020,4.549,0.823,59.5,0.769,0.784
Finland,2006,7.672,0.965,69.76,0.969,0.132
Finland,2008,7.671,0.951,70.08,0.934,0.217
Finland,2010,7.393,0.935,70.4,0.916,0.413
Finland,2011,7.354,0.938,70.64,0.936,0.32
Finland,2012,7.42,0.928,70.88,0.921,0.361
Finland,2013,7.445,0.941,71.12,0.919,0.306
Finland,2014,7.385,0.952,71.36,0.933,0.265
Finland,2015,7.448,0.948,71.6,0.93,0.223
Finland,2016,7.66,0.954,71.7,0.948,0.25
Finland,2017,7.788,0.964,71.8,0.962,0.192
Finland,2018,7.858,0.962,71.9,0.938,0.199
Finland,2019,7.78,0.937,72,0.948,0.195
Finland,2020,7.889,0.962,72.1,0.962,0.164
France,2005,7.093,0.94,71.3,0.895,0.688
France,2006,6.583,0.944,71.48,0.789,0.699
France,2008,7.008,0.935,71.84,0.833,0.669
France,2009,6.283,0.918,72.02,0.798,0.654
France,2010,6.798,0.943,72.2,0.85,0.623
France,2011,6.959,0.921,72.4,0.903,0.627
France,2012,6.649,0.937,72.6,0.841,0.608
France,2013,6.667,0.908,72.8,0.878,0.699
France,2014,6.467,0.878,73,0.803,0.656
France,2015,6.358,0.896,73.2,0.817,0.641
France,2016,6.475,0.885,73.4,0.787,0.623
France,2017,6.635,0.931,73.6,0.834,0.601
France,2018,6.666,0.921,73.8,0.816,0.582
France,2019,6.69,0.958,74,0.827,0.568
France,2020,6.714,0.947,74.2,0.823,0.565
Gabon,2011,4.255,0.653,55.48,0.772,0.851
Gabon,2012,3.972,0.736,56.16,0.566,0.81
Gabon,2013,3.8,0.733,56.84,0.682,0.78
Gabon,2014,3.918,0.829,57.52,0.607,0.782
Gabon,2015,4.661,0.756,58.2,0.671,0.867
Gabon,2016,4.832,0.78,58.7,0.699,0.817
Gabon,2017,4.782,0.807,59.2,0.652,0.868
Gabon,2018,4.783,0.785,59.7,0.719,0.823
Gabon,2019,4.914,0.763,60.2,0.736,0.846
Gambia,2017,4.118,0.697,54.7,0.812,0.572
Gambia,2018,4.922,0.685,55,0.719,0.691
Gambia,2019,5.164,0.694,55.3,0.677,0.798
Georgia,2006,3.675,0.647,65.12,0.553,0.752
Georgia,2007,3.707,0.548,65.04,0.464,0.697
Georgia,2008,4.156,0.608,64.96,0.614,0.498
Georgia,2009,3.801,0.544,64.88,0.495,0.535
Georgia,2010,4.102,0.54,64.8,0.558,0.46
Georgia,2011,4.203,0.503,64.86,0.632,0.353
Georgia,2012,4.254,0.533,64.92,0.659,0.321
Georgia,2013,4.349,0.559,64.98,0.722,0.349
Georgia,2014,4.288,0.558,65.04,0.72,0.416
Georgia,2015,4.122,0.517,65.1,0.64,0.502
Georgia,2016,4.448,0.533,64.9,0.606,0.561
Georgia,2017,4.451,0.59,64.7,0.821,0.59
Georgia,2018,4.659,0.617,64.5,0.775,0.755
Georgia,2019,4.892,0.675,64.3,0.811,0.647
Georgia,2020,5.123,0.718,64.1,0.764,0.583
Germany,2005,6.62,0.963,70.2,0.847,0.781
Germany,2007,6.417,0.926,70.48,0.801,0.792
Germany,2008,6.522,0.923,70.62,0.766,0.758
Germany,2009,6.641,0.935,70.76,0.844,0.69
Germany,2010,6.725,0.939,70.9,0.843,0.688
Germany,2011,6.621,0.947,70.98,0.906,0.677
Germany,2012,6.702,0.926,71.06,0.904,0.679
Germany,2013,6.965,0.931,71.14,0.894,0.566
Germany,2014,6.984,0.938,71.22,0.899,0.474
Germany,2015,7.037,0.926,71.3,0.889,0.412
Germany,2016,6.874,0.906,71.6,0.871,0.446
Germany,2017,7.074,0.892,71.9,0.841,0.414
Germany,2018,7.118,0.92,72.2,0.877,0.496
Germany,2019,7.035,0.886,72.5,0.885,0.462
Germany,2020,7.312,0.905,72.8,0.864,0.424
Ghana,2006,4.535,0.728,52.34,0.849,0.814
Ghana,2007,5.22,0.73,52.78,0.891,0.771
Ghana,2008,4.965,0.622,53.22,0.838,0.863
Ghana,2009,4.198,0.633,53.66,0.757,0.89
Ghana,2010,4.606,0.739,54.1,0.891,0.875
Ghana,2011,5.608,0.724,54.48,0.852,0.79
Ghana,2012,5.057,0.685,54.86,0.679,0.898
Ghana,2013,4.965,0.676,55.24,0.794,0.88
Ghana,2014,3.86,0.651,55.62,0.677,0.913
Ghana,2015,3.986,0.687,56,0.852,0.945
Ghana,2016,4.514,0.647,56.4,0.751,0.894
Ghana,2017,5.481,0.669,56.8,0.783,0.839
Ghana,2018,5.004,0.761,57.2,0.817,0.846
Ghana,2019,4.967,0.746,57.6,0.787,0.857
Ghana,2020,5.319,0.643,58,0.824,0.847
Greece,2005,6.006,0.837,70.5,0.734,0.861
Greece,2007,6.647,0.808,70.9,0.575,0.845
Greece,2009,6.039,0.793,71.3,0.443,0.959
Greece,2010,5.84,0.868,71.5,0.484,0.954
Greece,2011,5.372,0.852,71.56,0.528,0.941
Greece,2012,5.096,0.812,71.62,0.373,0.959
Greece,2013,4.72,0.687,71.68,0.426,0.941
Greece,2014,4.756,0.832,71.74,0.369,0.93
Greece,2015,5.623,0.835,71.8,0.532,0.824
Greece,2016,5.303,0.803,72,0.482,0.898
Greece,2017,5.148,0.753,72.2,0.438,0.872
Greece,2018,5.409,0.794,72.4,0.564,0.86
Greece,2019,5.952,0.891,72.6,0.614,0.848
Greece,2020,5.788,0.779,72.8,0.565,0.764
Guatemala,2006,5.901,0.83,60.74,0.663,0.706
Guatemala,2007,6.33,0.866,61.08,0.628,0.81
Guatemala,2008,6.414,0.866,61.42,0.63,0.796
Guatemala,2009,6.452,0.834,61.76,0.643,0.755
Guatemala,2010,6.29,0.859,62.1,0.696,0.795
Guatemala,2011,5.743,0.768,62.46,0.763,0.863
Guatemala,2012,5.856,0.802,62.82,0.865,0.821
Guatemala,2013,5.985,0.83,63.18,0.884,0.817
Guatemala,2014,6.536,0.834,63.54,0.843,0.804
Guatemala,2015,6.465,0.823,63.9,0.869,0.822
Guatemala,2016,6.359,0.811,64.2,0.863,0.812
Guatemala,2017,6.325,0.826,64.5,0.915,0.8
Guatemala,2018,6.627,0.841,64.8,0.91,0.765
Guatemala,2019,6.262,0.774,65.1,0.901,0.773
Guinea,2011,4.045,0.598,50.22,0.797,0.743
Guinea,2012,3.652,0.542,50.44,0.646,0.794
Guinea,2013,3.902,0.567,50.66,0.693,0.815
Guinea,2014,3.412,0.638,50.88,0.684,0.705
Guinea,2015,3.505,0.579,51.1,0.666,0.762
Guinea,2016,3.603,0.675,52.2,0.726,0.803
Guinea,2017,4.874,0.634,53.3,0.738,0.75
Guinea,2018,5.252,0.63,54.4,0.731,0.778
Guinea,2019,4.768,0.655,55.5,0.691,0.756
Guyana,2007,5.993,0.849,57.26,0.694,0.836
Haiti,2006,3.754,0.694,48.46,0.449,0.854
Haiti,2008,3.846,0.679,40.38,0.465,0.812
Haiti,2010,3.766,0.554,32.3,0.373,0.848
Haiti,2011,4.845,0.567,36.86,0.413,0.682
Haiti,2012,4.413,0.749,41.42,0.482,0.717
Haiti,2013,4.622,0.648,45.98,0.61,0.669
Haiti,2014,3.889,0.554,50.54,0.509,0.708
Haiti,2015,3.57,0.564,55.1,0.398,0.777
Haiti,2016,3.352,0.584,55.3,0.304,0.839
Haiti,2017,3.824,0.647,55.5,0.484,0.647
Haiti,2018,3.615,0.538,55.7,0.591,0.72
Honduras,2006,5.397,0.933,64.54,0.65,0.844
Honduras,2007,5.097,0.819,64.78,0.676,0.826
Honduras,2008,5.42,0.828,65.02,0.687,0.863
Honduras,2009,6.033,0.824,65.26,0.661,0.857
Honduras,2010,5.866,0.803,65.5,0.646,0.82
Honduras,2011,4.961,0.766,65.72,0.783,0.884
Honduras,2012,4.602,0.779,65.94,0.7,0.871
Honduras,2013,4.713,0.792,66.16,0.698,0.868
Honduras,2014,5.056,0.79,66.38,0.696,0.834
Honduras,2015,4.845,0.772,66.6,0.534,0.848
Honduras,2016,5.648,0.774,66.8,0.85,0.793
Honduras,2017,6.02,0.843,67,0.898,0.783
Honduras,2018,5.908,0.827,67.2,0.872,0.804
Honduras,2019,5.93,0.797,67.4,0.846,0.815
Hong Kong S.A.R. of China,2006,5.511,0.812,,0.91,0.356
Hong Kong S.A.R. of China,2008,5.137,0.84,,0.922,0.274
Hong Kong S.A.R. of China,2009,5.397,0.835,,0.918,0.272
Hong Kong S.A.R. of China,2010,5.643,0.857,,0.89,0.256
Hong Kong S.A.R. of China,2011,5.474,0.846,,0.894,0.245
Hong Kong S.A.R. of China,2012,5.484,0.826,,0.88,0.38
Hong Kong S.A.R. of China,2014,5.458,0.834,,0.843,0.423
Hong Kong S.A.R. of China,2016,5.498,0.832,,0.8,0.403
Hong Kong S.A.R. of China,2017,5.362,0.831,,0.831,0.416
Hong Kong S.A.R. of China,2019,5.659,0.856,,0.727,0.432
Hong Kong S.A.R. of China,2020,5.295,0.813,,0.705,0.38
Hungary,2005,5.194,0.93,64.6,0.697,0.903
Hungary,2007,4.954,0.931,65,0.538,0.895
Hungary,2009,4.895,0.901,65.4,0.464,0.915
Hungary,2010,4.725,0.896,65.6,0.514,0.983
Hungary,2011,4.918,0.894,65.76,0.631,0.94
Hungary,2012,4.683,0.906,65.92,0.569,0.93
Hungary,2013,4.914,0.877,66.08,0.674,0.912
Hungary,2014,5.181,0.845,66.24,0.494,0.855
Hungary,2015,5.344,0.859,66.4,0.558,0.908
Hungary,2016,5.449,0.9,66.8,0.554,0.924
Hungary,2017,6.065,0.877,67.2,0.661,0.886
Hungary,2018,5.936,0.941,67.6,0.693,0.911
Hungary,2019,6,0.947,68,0.798,0.884
Hungary,2020,6.038,0.943,68.4,0.771,0.836
Iceland,2008,6.888,0.977,72.32,0.885,0.708
Iceland,2012,7.591,0.979,72.76,0.905,0.759
Iceland,2013,7.501,0.967,72.84,0.923,0.713
Iceland,2015,7.498,0.98,73,0.94,0.639
Iceland,2016,7.51,0.985,73,0.952,0.719
Iceland,2017,7.476,0.967,73,0.939,0.727
Iceland,2019,7.533,0.982,73,0.959,0.699
Iceland,2020,7.575,0.983,73,0.949,0.644
India,2006,5.348,0.707,55.72,0.774,0.855
India,2007,5.027,0.569,56.14,0.729,0.862
India,2008,5.146,0.684,56.56,0.756,0.891
India,2009,4.522,0.653,56.98,0.679,0.895
India,2010,4.989,0.605,57.4,0.783,0.863
India,2011,4.635,0.553,57.7,0.838,0.908
India,2012,4.72,0.511,58,0.609,0.83
India,2013,4.428,0.553,58.3,0.74,0.832
India,2014,4.424,0.621,58.6,0.809,0.832
India,2015,4.342,0.61,58.9,0.777,0.776
India,2016,4.179,0.614,59.3,0.82,0.765
India,2017,4.046,0.607,59.7,0.886,0.781
India,2018,3.818,0.638,60.1,0.89,0.805
India,2019,3.249,0.561,60.5,0.876,0.752
India,2020,4.225,0.617,60.9,0.906,0.78
Indonesia,2006,4.947,0.771,59.84,0.713,0.915
Indonesia,2007,5.101,0.704,59.98,0.603,0.96
Indonesia,2008,4.815,0.675,60.12,0.596,0.968
Indonesia,2009,5.472,0.779,60.26,0.784,0.911
Indonesia,2010,5.457,0.816,60.4,0.7,0.954
Indonesia,2011,5.173,0.825,60.62,0.878,0.962
Indonesia,2012,5.368,0.834,60.84,0.77,0.962
Indonesia,2013,5.292,0.794,61.06,0.781,0.973
Indonesia,2014,5.597,0.905,61.28,0.719,0.97
Indonesia,2015,5.043,0.809,61.5,0.779,0.946
Indonesia,2016,5.136,0.792,61.7,0.83,0.89
Indonesia,2017,5.098,0.796,61.9,0.865,0.9
Indonesia,2018,5.34,0.809,62.1,0.879,0.868
Indonesia,2019,5.347,0.802,62.3,0.866,0.861
Iran,2005,5.308,0.766,62,0.651,0.636
Iran,2007,5.336,0.718,62.76,0.533,0.872
Iran,2008,5.129,0.633,63.14,0.601,0.868
Iran,2011,4.768,0.582,64.14,0.798,0.665
Iran,2012,4.609,0.6,64.38,0.764,0.678
Iran,2013,5.14,0.664,64.62,0.73,0.685
Iran,2014,4.682,0.644,64.86,0.767,0.64
Iran,2015,4.75,0.572,65.1,0.78,0.699
Iran,2016,4.653,0.566,65.4,0.773,0.713
Iran,2017,4.717,0.714,65.7,0.731,0.715
Iran,2018,4.278,0.674,66,0.603,0.703
Iran,2019,5.006,0.698,66.3,0.623,0.728
Iran,2020,4.865,0.757,66.6,0.6,0.71
Iraq,2008,4.59,0.744,58.32,0.386,0.91
Iraq,2009,4.775,0.862,58.96,0.431,0.854
Iraq,2010,5.065,0.854,59.6,0.419,0.859
Iraq,2011,4.725,0.751,59.36,0.347,0.78
Iraq,2012,4.66,0.73,59.12,0.315,0.789
Iraq,2013,4.725,0.728,58.88,,0.71
Iraq,2014,4.542,0.725,58.64,0.646,0.726
Iraq,2015,4.493,0.684,58.4,0.599,0.762
Iraq,2016,4.413,0.719,59,0.666,0.799
Iraq,2017,4.462,0.695,59.6,0.628,0.757
Iraq,2018,4.886,0.764,60.2,0.598,0.887
Iraq,2020,4.785,0.708,61.4,0.7,0.849
Ireland,2006,7.144,0.967,70.14,0.943,0.473
Ireland,2008,7.568,0.983,70.82,0.894,0.487
Ireland,2009,7.046,0.959,71.16,0.835,0.58
Ireland,2010,7.257,0.973,71.5,0.856,0.618
Ireland,2011,7.007,0.977,71.6,0.952,0.59
Ireland,2012,6.965,0.962,71.7,0.902,0.573
Ireland,2013,6.76,0.955,71.8,0.884,0.558
Ireland,2014,7.018,0.968,71.9,0.922,0.406
Ireland,2015,6.83,0.953,72,0.892,0.409
Ireland,2016,7.041,0.958,72.1,0.875,0.399
Ireland,2017,7.06,0.943,72.2,0.905,0.337
Ireland,2018,6.962,0.938,72.3,0.861,0.362
Ireland,2019,7.255,0.944,72.4,0.892,0.373
Ireland,2020,7.035,0.96,72.5,0.882,0.356
Israel,2006,7.173,0.927,71.12,0.817,0.905
Israel,2007,6.841,0.868,71.44,0.683,0.868
Israel,2008,7.261,0.859,71.76,0.663,0.898
Israel,2009,7.353,0.937,72.08,0.593,0.923
Israel,2010,7.359,0.882,72.4,0.561,0.902
Israel,2011,7.433,0.893,72.46,0.722,0.891
Israel,2012,7.111,0.903,72.52,0.681,0.862
Israel,2013,7.321,0.909,72.58,0.739,0.849
Israel,2014,7.401,0.889,72.64,0.707,0.818
Israel,2015,7.079,0.864,72.7,0.753,0.789
Israel,2016,7.159,0.89,72.9,0.772,0.804
Israel,2017,7.331,0.916,73.1,0.768,0.793
Israel,2018,6.927,0.91,73.3,0.725,0.77
Israel,2019,7.332,0.946,73.5,0.834,0.743
Israel,2020,7.195,0.959,73.7,0.831,0.748
Italy,2005,6.854,0.928,71.9,0.802,0.944
Italy,2007,6.574,0.912,72.26,0.684,0.922
Italy,2008,6.78,0.88,72.44,0.543,0.946
Italy,2009,6.334,0.88,72.62,0.701,0.89
Italy,2010,6.354,0.872,72.8,0.738,0.921
Italy,2011,6.057,0.913,72.84,0.568,0.933
Italy,2012,5.839,0.869,72.88,0.57,0.908
Italy,2013,6.009,0.916,72.92,0.499,0.943
Italy,2014,6.027,0.898,72.96,0.624,0.92
Italy,2015,5.848,0.909,73,0.575,0.913
Italy,2016,5.955,0.927,73.2,0.624,0.903
Italy,2017,6.199,0.92,73.4,0.633,0.867
Italy,2018,6.517,0.913,73.6,0.65,0.888
Italy,2019,6.445,0.838,73.8,0.709,0.866
Italy,2020,6.488,0.89,74,0.718,0.844
Ivory Coast,2009,4.197,0.667,45.78,0.76,0.902
Ivory Coast,2013,3.739,0.709,47.1,0.739,0.691
Ivory Coast,2014,3.57,0.711,47.4,0.781,0.671
Ivory Coast,2015,4.445,0.704,47.7,0.8,0.744
Ivory Coast,2016,4.543,0.617,48.3,0.769,0.757
Ivory Coast,2017,5.038,0.661,48.9,0.732,0.771
Ivory Coast,2018,5.268,0.621,49.5,0.713,0.791
Ivory Coast,2019,5.392,0.679,50.1,0.736,0.799
Ivory Coast,2020,5.257,0.613,50.7,0.77,0.777
Jamaica,2006,6.208,0.909,64.9,0.738,0.946
Jamaica,2011,5.374,0.855,66.22,0.796,0.909
Jamaica,2013,5.709,0.865,66.46,0.793,0.931
Jamaica,2014,5.311,0.874,66.58,0.809,0.861
Jamaica,2017,5.89,0.913,67.1,0.861,0.883
Jamaica,2019,6.309,0.878,67.5,0.891,0.885
Japan,2005,6.516,0.928,73.2,0.868,0.699
Japan,2007,6.238,0.938,73.44,0.796,0.809
Japan,2008,5.911,0.887,73.56,0.772,0.816
Japan,2009,5.845,0.888,73.68,0.73,0.74
Japan,2010,6.057,0.902,73.8,0.772,0.77
Japan,2011,6.263,0.917,73.98,0.814,0.734
Japan,2012,5.968,0.905,74.16,0.753,0.692
Japan,2013,5.959,0.924,74.34,0.821,0.65
Japan,2014,5.923,0.9,74.52,0.838,0.617
Japan,2015,5.88,0.923,74.7,0.832,0.654
Japan,2016,5.955,0.9,74.8,0.836,0.698
Japan,2017,5.911,0.882,74.9,0.849,0.659
Japan,2018,5.794,0.886,75,0.773,0.687
Japan,2019,5.908,0.878,75.1,0.806,0.617
Japan,2020,6.118,0.887,75.2,0.806,0.609
Jordan,2005,6.295,0.92,63.5,,0.67
Jordan,2007,5.598,0.841,63.98,0.646,0.664
Jordan,2008,4.93,0.766,64.22,,0.709
Jordan,2009,6,0.899,64.46,0.771,0.739
Jordan,2010,5.57,0.918,64.7,0.788,
Jordan,2011,5.539,0.878,65,0.76,
Jordan,2012,5.132,0.829,65.3,0.693,
Jordan,2013,5.172,0.84,65.6,0.692,
Jordan,2014,5.333,0.816,65.9,0.729,
Jordan,2015,5.405,0.83,66.2,0.767,
Jordan,2016,5.271,0.82,66.4,0.771,
Jordan,2017,4.808,0.815,66.6,0.766,
Jordan,2018,4.639,0.8,66.8,0.762,
Jordan,2019,4.453,0.793,67,0.726,
Jordan,2020,4.094,0.709,67.2,0.779,
Kazakhstan,2006,5.476,0.872,58.2,0.731,0.865
Kazakhstan,2007,5.719,0.861,58.7,0.806,0.865
Kazakhstan,2008,5.886,0.839,59.2,0.727,0.899
Kazakhstan,2009,5.383,0.893,59.7,0.856,0.845
Kazakhstan,2010,5.514,0.904,60.2,0.785,0.823
Kazakhstan,2011,5.736,0.905,60.72,0.878,0.802
Kazakhstan,2012,5.759,0.892,61.24,0.84,0.877
Kazakhstan,2013,5.835,0.889,61.76,0.782,0.82
Kazakhstan,2014,5.97,0.795,62.28,0.799,0.805
Kazakhstan,2015,5.95,0.931,62.8,0.74,0.714
Kazakhstan,2016,5.534,0.928,63.4,0.783,0.702
Kazakhstan,2017,5.882,0.914,64,0.745,0.755
Kazakhstan,2018,6.008,0.937,64.6,0.84,0.824
Kazakhstan,2019,6.272,0.951,65.2,0.852,0.708
Kazakhstan,2020,6.168,0.966,65.8,0.872,0.661
Kenya,2006,4.223,0.909,50.22,0.616,0.86
Kenya,2007,4.576,0.841,51.54,0.75,0.799
Kenya,2008,4.015,0.827,52.86,0.62,0.909
Kenya,2009,4.27,0.789,54.18,0.584,0.913
Kenya,2010,4.256,0.805,55.5,0.635,0.918
Kenya,2011,4.405,0.846,56.06,0.709,0.923
Kenya,2012,4.547,0.831,56.62,0.628,0.911
Kenya,2013,3.795,0.825,57.18,0.708,0.861
Kenya,2014,4.905,0.765,57.74,0.819,0.849
Kenya,2015,4.358,0.777,58.3,0.793,0.853
Kenya,2016,4.396,0.706,58.9,0.749,0.828
Kenya,2017,4.476,0.715,59.5,0.853,0.854
Kenya,2018,4.656,0.707,60.1,0.821,0.844
Kenya,2019,4.619,0.676,60.7,0.818,0.794
Kenya,2020,4.547,0.674,61.3,0.702,0.837
Kosovo,2007,5.104,0.848,,0.381,0.894
Kosovo,2008,5.522,0.884,,,0.849
Kosovo,2009,5.891,0.83,,0.506,0.968
Kosovo,2010,5.177,0.708,,0.451,0.967
Kosovo,2011,4.86,0.759,,0.589,0.919
Kosovo,2012,5.64,0.757,,0.636,0.95
Kosovo,2013,6.126,0.721,,0.568,0.935
Kosovo,2014,5,0.706,,0.441,0.775
Kosovo,2015,5.077,0.805,,0.561,0.851
Kosovo,2016,5.759,0.824,,0.827,0.941
Kosovo,2017,6.149,0.792,,0.858,0.925
Kosovo,2018,6.392,0.822,,0.89,0.922
Kosovo,2019,6.425,0.843,,0.841,0.92
Kosovo,2020,6.294,0.792,,0.88,0.91
Kuwait,2006,6.076,0.919,63.96,0.769,0.328
Kuwait,2009,6.585,0.926,64.44,0.819,0.675
Kuwait,2010,6.798,0.893,64.6,0.703,0.486
Kuwait,2011,6.378,0.882,64.9,0.769,0.56
Kuwait,2012,6.221,0.889,65.2,0.934,
Kuwait,2013,6.48,0.862,65.5,0.751,
Kuwait,2014,6.18,,65.8,,
Kuwait,2015,6.146,0.823,66.1,0.822,
Kuwait,2016,5.947,0.845,66.3,0.841,
Kuwait,2017,6.094,0.853,66.5,0.884,
Kuwait,2019,6.106,0.842,66.9,0.867,
Kyrgyzstan,2006,4.641,0.844,59.98,0.678,0.879
Kyrgyzstan,2007,4.698,0.833,60.26,0.684,0.929
Kyrgyzstan,2008,4.737,0.792,60.54,0.719,0.923
Kyrgyzstan,2009,5.069,0.855,60.82,0.699,0.896
Kyrgyzstan,2010,4.996,0.885,61.1,0.72,0.926
Kyrgyzstan,2011,4.921,0.891,61.52,0.748,0.932
Kyrgyzstan,2012,5.208,0.856,61.94,0.703,0.892
Kyrgyzstan,2013,5.402,0.851,62.36,0.755,0.9
Kyrgyzstan,2014,5.252,0.898,62.78,0.736,0.897
Kyrgyzstan,2015,4.905,0.857,63.2,0.813,0.858
Kyrgyzstan,2016,4.857,0.914,63.5,0.814,0.917
Kyrgyzstan,2017,5.63,0.883,63.8,0.859,0.874
Kyrgyzstan,2018,5.297,0.898,64.1,0.945,0.907
Kyrgyzstan,2019,5.685,0.877,64.4,0.92,0.885
Kyrgyzstan,2020,6.25,0.902,64.7,0.935,0.931
Laos,2006,5.076,0.807,53.92,0.925,0.688
Laos,2007,5.364,0.79,54.44,0.867,0.58
Laos,2008,5.044,0.807,54.96,0.886,0.637
Laos,2011,4.704,0.691,56.3,0.882,0.587
Laos,2012,4.876,0.693,56.6,,
Laos,2017,4.623,0.707,58.3,0.891,0.592
Laos,2018,4.859,0.705,58.7,0.907,0.634
Laos,2019,5.197,0.729,59.1,0.906,0.62
Laos,2020,5.284,0.66,59.5,0.915,0.748
Latvia,2006,4.71,0.884,63.16,0.641,0.937
Latvia,2007,4.667,0.836,63.52,0.7,0.924
Latvia,2008,5.145,0.855,63.88,0.63,0.926
Latvia,2009,4.669,0.807,64.24,0.437,0.942
Latvia,2011,4.967,0.836,64.86,0.564,0.934
Latvia,2012,5.125,0.851,65.12,0.564,0.895
Latvia,2013,5.07,0.834,65.38,0.631,0.837
Latvia,2014,5.729,0.881,65.64,0.671,0.804
Latvia,2015,5.881,0.879,65.9,0.656,0.808
Latvia,2016,5.94,0.917,66.2,0.685,0.868
Latvia,2017,5.978,0.895,66.5,0.7,0.798
Latvia,2018,5.901,0.913,66.8,0.608,0.799
Latvia,2019,5.97,0.936,67.1,0.698,0.789
Latvia,2020,6.229,0.928,67.4,0.82,0.809
Lebanon,2005,5.491,0.796,64.6,0.703,0.945
Lebanon,2006,4.653,0.853,64.72,0.67,0.902
Lebanon,2008,4.595,0.717,64.96,0.524,0.927
Lebanon,2009,5.206,0.736,65.08,0.665,0.937
Lebanon,2010,5.032,0.721,65.2,0.678,0.949
Lebanon,2011,5.188,0.733,65.28,0.657,0.911
Lebanon,2012,4.573,0.713,65.36,0.621,0.856
Lebanon,2013,4.983,0.708,65.44,0.655,0.921
Lebanon,2014,5.233,0.759,65.52,0.657,0.939
Lebanon,2015,5.172,0.742,65.6,0.597,0.889
Lebanon,2016,5.271,0.828,66.1,0.657,0.853
Lebanon,2017,5.154,0.777,66.6,0.605,0.911
Lebanon,2018,5.167,0.829,67.1,0.607,0.907
Lebanon,2019,4.024,0.866,67.6,0.447,0.89
Lesotho,2011,4.898,0.824,45.74,0.618,0.768
Lesotho,2016,3.808,0.798,46.6,0.729,0.743
Lesotho,2017,3.795,0.769,47.3,0.757,0.797
Lesotho,2019,3.512,0.79,48.7,0.716,0.915
Liberia,2007,3.701,0.594,49.14,0.79,0.776
Liberia,2008,4.221,0.619,49.96,0.724,0.84
Liberia,2010,4.196,0.827,51.6,0.819,0.818
Liberia,2014,4.571,0.708,53.28,0.59,0.869
Liberia,2015,2.702,0.638,53.7,0.671,0.903
Liberia,2016,3.355,0.643,54.5,0.763,0.901
Liberia,2017,4.424,0.685,55.3,0.733,0.867
Liberia,2018,4.135,0.727,56.1,0.766,0.868
Liberia,2019,5.121,0.712,56.9,0.706,0.828
Libya,2012,5.754,0.855,62.66,0.712,0.791
Libya,2015,5.615,0.868,62.3,0.775,
Libya,2016,5.434,0.876,62.3,0.822,
Libya,2017,5.647,0.823,62.3,0.779,0.673
Libya,2018,5.494,0.824,62.3,0.781,0.646
Libya,2019,5.33,0.827,62.3,0.762,0.686
Lithuania,2006,5.954,0.93,63.14,0.567,0.967
Lithuania,2007,5.808,0.941,63.48,0.59,0.966
Lithuania,2008,5.554,0.914,63.82,0.621,0.961
Lithuania,2009,5.467,0.933,64.16,0.496,0.979
Lithuania,2010,5.066,0.882,64.5,0.519,0.962
Lithuania,2011,5.432,0.911,64.7,0.566,0.964
Lithuania,2012,5.771,0.919,64.9,0.503,0.957
Lithuania,2013,5.596,0.913,65.1,0.556,0.936
Lithuania,2014,6.126,0.908,65.3,0.508,0.956
Lithuania,2015,5.711,0.929,65.5,0.641,0.924
Lithuania,2016,5.866,0.938,66.1,0.614,0.949
Lithuania,2017,6.273,0.926,66.7,0.749,0.79
Lithuania,2018,6.309,0.929,67.3,0.699,0.852
Lithuania,2019,6.064,0.918,67.9,0.78,0.783
Lithuania,2020,6.391,0.953,68.5,0.824,0.829
Luxembourg,2009,6.958,0.939,71.44,0.939,0.432
Luxembourg,2010,7.097,0.952,71.7,0.908,0.423
Luxembourg,2011,7.101,0.934,71.88,0.962,0.388
Luxembourg,2012,6.964,0.914,72.06,0.917,0.403
Luxembourg,2013,7.131,0.917,72.24,0.79,0.301
Luxembourg,2014,6.891,0.875,72.42,0.938,0.366
Luxembourg,2015,6.702,0.934,72.6,0.932,0.375
Luxembourg,2016,6.967,0.941,72.6,0.882,0.356
Luxembourg,2017,7.061,0.905,72.6,0.903,0.33
Luxembourg,2018,7.243,0.902,72.6,0.884,0.385
Luxembourg,2019,7.404,0.912,72.6,0.93,0.39
Madagascar,2006,3.98,0.711,54.04,,
Madagascar,2008,4.64,0.776,54.92,0.332,0.773
Madagascar,2011,4.381,0.818,56.22,0.546,0.897
Madagascar,2012,3.551,0.673,56.64,0.487,0.854
Madagascar,2013,3.816,0.673,57.06,0.48,0.868
Madagascar,2014,3.676,0.655,57.48,0.529,0.791
Madagascar,2015,3.593,0.647,57.9,0.545,0.861
Madagascar,2016,3.663,0.746,58.3,0.57,0.864
Madagascar,2017,4.079,0.626,58.7,0.57,0.847
Madagascar,2018,4.071,0.666,59.1,0.551,0.889
Madagascar,2019,4.339,0.701,59.5,0.55,0.72
Malawi,2006,3.83,0.554,44.88,0.767,0.676
Malawi,2007,4.891,0.6,46.26,0.91,0.691
Malawi,2009,5.148,0.718,49.02,0.879,0.689
Malawi,2011,3.946,0.613,51.42,0.733,0.853
Malawi,2012,4.279,0.604,52.44,0.637,0.886
Malawi,2013,4.035,0.563,53.46,0.752,0.857
Malawi,2014,4.563,0.512,54.48,0.786,0.824
Malawi,2015,3.868,0.494,55.5,0.801,0.835
Malawi,2016,3.476,0.524,56.2,0.81,0.824
Malawi,2017,3.417,0.555,56.9,0.848,0.735
Malawi,2018,3.335,0.528,57.6,0.799,0.766
Malawi,2019,3.869,0.549,58.3,0.765,0.68
Malaysia,2006,6.012,0.866,64.96,0.837,0.74
Malaysia,2007,6.239,0.871,65.12,0.844,0.799
Malaysia,2008,5.807,0.803,65.28,0.78,0.884
Malaysia,2009,5.385,0.792,65.44,0.874,0.858
Malaysia,2010,5.58,0.839,65.6,0.769,0.844
Malaysia,2011,5.786,0.77,65.76,0.84,0.842
Malaysia,2012,5.914,0.841,65.92,0.848,0.847
Malaysia,2013,5.77,0.831,66.08,0.791,0.755
Malaysia,2014,5.963,0.863,66.24,0.808,0.845
Malaysia,2015,6.322,0.818,66.4,0.675,0.838
Malaysia,2018,5.339,0.789,67,0.875,0.894
Malaysia,2019,5.428,0.842,67.2,0.916,0.782
Maldives,2018,5.198,0.913,70.6,0.855,
Mali,2006,4.014,0.761,45.92,0.555,0.761
Mali,2008,4.115,0.747,47.16,0.495,0.918
Mali,2009,3.977,0.733,47.78,0.634,0.819
Mali,2010,3.762,0.751,48.4,0.749,0.811
Mali,2011,4.667,0.796,48.76,0.823,0.726
Mali,2012,4.313,0.823,49.12,0.704,0.787
Mali,2013,3.676,0.82,49.48,0.665,0.755
Mali,2014,3.975,0.843,49.84,0.652,0.658
Mali,2015,4.582,0.83,50.2,0.634,0.8
Mali,2016,4.016,0.836,50.7,0.696,0.862
Mali,2017,4.742,0.741,51.2,0.753,0.863
Mali,2018,4.416,0.692,51.7,0.737,0.793
Mali,2019,4.988,0.755,52.2,0.67,0.846
Malta,2009,6.328,0.916,71.38,0.803,
Malta,2010,5.774,0.908,71.6,0.802,
Malta,2011,6.155,0.923,71.72,0.882,
Malta,2012,5.963,0.922,71.84,0.861,
Malta,2013,6.38,0.942,71.96,0.909,
Malta,2014,6.452,0.941,72.08,0.904,0.67
Malta,2015,6.613,0.919,72.2,0.912,0.664
Malta,2016,6.591,0.93,72.2,0.916,0.696
Malta,2017,6.676,0.937,72.2,0.924,0.69
Malta,2018,6.91,0.932,72.2,0.927,0.595
Malta,2019,6.733,0.922,72.2,0.924,0.689
Malta,2020,6.157,0.938,72.2,0.931,0.675
Mauritania,2007,4.149,0.682,53.66,0.573,0.586
Mauritania,2008,4.248,0.67,53.94,0.593,0.841
Mauritania,2009,4.5,0.819,54.22,0.735,0.848
Mauritania,2010,4.772,0.857,54.5,0.669,0.727
Mauritania,2011,4.785,0.75,54.82,0.567,0.747
Mauritania,2012,4.673,0.763,55.14,0.487,0.707
Mauritania,2013,4.199,0.741,55.46,0.603,0.676
Mauritania,2014,4.483,0.853,55.78,0.468,0.589
Mauritania,2015,3.923,0.875,56.1,0.447,0.715
Mauritania,2016,4.472,0.785,56.4,0.467,0.842
Mauritania,2017,4.678,0.779,56.7,0.527,0.777
Mauritania,2018,4.314,0.802,57,0.467,0.711
Mauritania,2019,4.153,0.798,57.3,0.628,0.743
Mauritius,2011,5.477,0.8,64.7,0.848,0.847
Mauritius,2014,5.648,0.785,65.3,0.824,0.879
Mauritius,2016,5.61,0.836,65.8,0.819,0.891
Mauritius,2017,6.174,0.91,66.1,0.912,0.818
Mauritius,2018,5.882,0.909,66.4,0.867,0.785
Mauritius,2019,6.241,0.913,66.7,0.893,0.81
Mauritius,2020,6.015,0.893,67,0.843,0.772
Mexico,2005,6.581,0.903,66.2,0.814,0.764
Mexico,2007,6.525,0.879,66.32,0.67,0.747
Mexico,2008,6.829,0.876,66.38,0.677,0.785
Mexico,2009,6.963,0.868,66.44,0.682,0.764
Mexico,2010,6.802,0.876,66.5,0.778,0.693
Mexico,2011,6.91,0.824,66.68,0.831,0.698
Mexico,2012,7.32,0.767,66.86,0.788,0.633
Mexico,2013,7.443,0.759,67.04,0.739,0.615
Mexico,2014,6.68,0.782,67.22,0.779,0.63
Mexico,2015,6.236,0.761,67.4,0.719,0.708
Mexico,2016,6.824,0.893,67.7,0.752,0.809
Mexico,2017,6.41,0.8,68,0.861,0.801
Mexico,2018,6.55,0.858,68.3,0.816,0.809
Mexico,2019,6.432,0.852,68.6,0.903,0.809
Mexico,2020,5.964,0.779,68.9,0.873,0.778
Moldova,2006,5.102,0.812,60.58,0.554,0.926
Moldova,2007,4.775,0.804,60.76,0.696,0.93
Moldova,2008,5.503,0.872,60.94,0.641,0.926
Moldova,2009,5.554,0.856,61.12,0.551,0.925
Moldova,2010,5.59,0.847,61.3,0.598,0.929
Moldova,2011,5.792,0.869,61.62,0.628,0.957
Moldova,2012,5.996,0.826,61.94,0.602,0.955
Moldova,2013,5.756,0.803,62.26,0.658,0.941
Moldova,2014,5.917,0.805,62.58,0.623,0.925
Moldova,2015,6.017,0.84,62.9,0.595,0.943
Moldova,2016,5.578,0.837,63.6,0.557,0.969
Moldova,2017,5.326,0.831,64.3,0.553,0.926
Moldova,2018,5.682,0.892,65,0.824,0.929
Moldova,2019,5.803,0.809,65.7,0.784,0.884
Moldova,2020,5.812,0.874,66.4,0.859,0.941
Mongolia,2007,4.609,0.881,58.82,0.781,0.918
Mongolia,2008,4.493,0.92,59.28,0.484,0.962
Mongolia,2010,4.586,0.904,60.2,0.631,0.928
Mongolia,2011,5.031,0.948,60.5,0.7,0.931
Mongolia,2012,4.885,0.919,60.8,0.688,0.932
Mongolia,2013,4.913,0.935,61.1,0.748,0.928
Mongolia,2014,4.825,0.943,61.4,0.752,0.909
Mongolia,2015,4.983,0.906,61.7,0.686,0.9
Mongolia,2016,5.057,0.947,61.9,0.76,0.9
Mongolia,2017,5.334,0.924,62.1,0.675,0.865
Mongolia,2018,5.465,0.942,62.3,0.696,0.849
Mongolia,2019,5.563,0.946,62.5,0.711,0.873
Mongolia,2020,6.011,0.918,62.7,0.718,0.843
Montenegro,2007,5.196,0.832,66.2,0.512,0.815
Montenegro,2009,4.801,0.816,66.8,0.556,0.838
Montenegro,2010,5.455,0.805,67.1,0.552,0.757
Montenegro,2011,5.223,0.818,67.26,0.546,0.762
Montenegro,2012,5.219,0.704,67.42,0.462,0.755
Montenegro,2013,5.074,0.736,67.58,0.502,0.693
Montenegro,2014,5.283,0.863,67.74,0.503,0.768
Montenegro,2015,5.125,0.74,67.9,0.583,0.781
Montenegro,2016,5.304,0.866,68.1,0.569,0.849
Montenegro,2017,5.615,0.881,68.3,0.626,0.756
Montenegro,2018,5.65,0.856,68.5,0.626,0.769
Montenegro,2019,5.386,0.832,68.7,0.694,0.82
Montenegro,2020,5.722,0.887,68.9,0.802,0.845
Morocco,2010,4.383,,63.5,0.663,0.9
Morocco,2011,5.085,0.833,63.8,0.579,0.875
Morocco,2012,4.97,0.676,64.1,0.757,0.845
Morocco,2013,5.142,0.597,64.4,0.572,0.771
Morocco,2015,5.163,0.606,65,0.713,0.842
Morocco,2016,5.386,0.655,65.3,0.817,0.717
Morocco,2017,5.312,0.641,65.6,0.814,0.841
Morocco,2018,4.897,0.554,65.9,0.773,0.843
Morocco,2019,5.057,0.535,66.2,0.757,0.757
Morocco,2020,4.803,0.553,66.5,0.819,0.803
Mozambique,2006,4.595,0.879,44.8,0.684,0.758
Mozambique,2007,4.833,0.748,45.5,0.643,0.854
Mozambique,2008,4.654,0.756,46.2,0.514,0.864
Mozambique,2011,4.971,0.818,48.32,0.639,0.719
Mozambique,2015,4.55,0.666,51.2,0.813,0.632
Mozambique,2017,4.28,0.678,53.2,0.823,0.682
Mozambique,2018,4.654,0.738,54.2,0.897,0.691
Mozambique,2019,4.932,0.742,55.2,0.87,0.682
Myanmar,2012,4.439,0.612,57.02,0.691,0.695
Myanmar,2013,4.176,0.757,57.38,0.775,0.638
Myanmar,2014,4.786,0.774,57.74,,0.592
Myanmar,2015,4.224,0.752,58.1,0.808,0.633
Myanmar,2016,4.623,0.793,58.4,0.877,0.607
Myanmar,2017,4.154,0.795,58.7,0.886,0.619
Myanmar,2018,4.411,0.774,59,0.906,0.647
Myanmar,2019,4.434,0.763,59.3,0.899,0.682
Myanmar,2020,4.431,0.796,59.6,0.825,0.647
Namibia,2007,4.886,0.828,49.68,0.781,0.839
Namibia,2014,4.574,0.763,55.16,0.849,0.79
Namibia,2017,4.441,0.828,56.2,0.81,0.831
Namibia,2018,4.834,0.864,56.5,0.754,0.846
Namibia,2019,4.436,0.845,56.8,0.739,0.879
Namibia,2020,4.451,0.741,57.1,0.666,0.81
Nepal,2006,4.567,0.874,57.2,0.689,0.897
Nepal,2007,4.748,0.787,57.7,0.413,0.891
Nepal,2008,4.441,0.818,58.2,0.618,0.9
Nepal,2009,4.917,0.813,58.7,0.616,0.95
Nepal,2010,4.35,0.779,59.2,0.519,0.911
Nepal,2011,3.809,0.741,59.4,0.525,0.935
Nepal,2012,4.233,0.734,59.6,0.638,0.883
Nepal,2013,4.605,0.74,59.8,0.722,0.877
Nepal,2014,4.975,0.786,60,0.712,0.841
Nepal,2015,4.812,0.748,60.2,0.763,0.824
Nepal,2016,5.1,0.837,61.3,0.839,0.817
Nepal,2017,4.737,0.816,62.4,0.845,0.77
Nepal,2018,4.91,0.768,63.5,0.77,0.742
Nepal,2019,5.449,0.772,64.6,0.79,0.712
Netherlands,2005,7.464,0.947,70.4,0.901,0.571
Netherlands,2007,7.452,0.944,70.8,0.896,0.445
Netherlands,2008,7.631,0.944,71,0.883,0.419
Netherlands,2010,7.502,0.957,71.4,0.921,0.399
Netherlands,2011,7.564,0.938,71.52,0.925,0.359
Netherlands,2012,7.471,0.939,71.64,0.877,0.434
Netherlands,2013,7.407,0.925,71.76,0.919,0.505
Netherlands,2014,7.321,0.909,71.88,0.91,0.457
Netherlands,2015,7.324,0.879,72,0.904,0.412
Netherlands,2016,7.541,0.926,72.1,0.907,0.433
Netherlands,2017,7.459,0.937,72.2,0.92,0.363
Netherlands,2018,7.463,0.939,72.3,0.92,0.371
Netherlands,2019,7.425,0.941,72.4,0.886,0.36
Netherlands,2020,7.504,0.944,72.5,0.935,0.281
New Zealand,2006,7.305,0.946,71.2,0.932,0.224
New Zealand,2007,7.604,0.967,71.4,0.878,0.295
New Zealand,2008,7.381,0.944,71.6,0.893,0.334
New Zealand,2010,7.224,0.976,72,0.918,0.321
New Zealand,2011,7.191,0.954,72.12,0.935,0.269
New Zealand,2012,7.25,0.93,72.24,0.902,0.289
New Zealand,2013,7.28,0.958,72.36,0.944,0.312
New Zealand,2014,7.306,0.942,72.48,0.932,0.273
New Zealand,2015,7.418,0.987,72.6,0.942,0.186
New Zealand,2016,7.226,0.937,72.8,0.927,0.278
New Zealand,2017,7.327,0.955,73,0.942,0.222
New Zealand,2018,7.37,0.954,73.2,0.949,0.207
New Zealand,2019,7.205,0.939,73.4,0.912,0.234
New Zealand,2020,7.257,0.952,73.6,0.918,0.283
Nicaragua,2006,4.46,0.877,64.14,0.745,0.844
Nicaragua,2007,4.944,0.866,64.48,0.836,0.826
Nicaragua,2008,5.104,0.857,64.82,0.791,0.819
Nicaragua,2009,5.353,0.835,65.16,0.746,0.794
Nicaragua,2010,5.687,0.863,65.5,0.792,0.802
Nicaragua,2011,5.386,0.8,65.72,0.779,0.76
Nicaragua,2012,5.448,0.894,65.94,0.85,0.644
Nicaragua,2013,5.772,0.868,66.16,0.859,0.636
Nicaragua,2014,6.275,0.839,66.38,0.817,0.699
Nicaragua,2015,5.924,0.827,66.6,0.809,0.728
Nicaragua,2016,6.013,0.853,66.9,0.717,0.731
Nicaragua,2017,6.476,0.838,67.2,0.922,0.673
Nicaragua,2018,5.819,0.854,67.5,0.797,0.713
Nicaragua,2019,6.113,0.874,67.8,0.883,0.622
Niger,2006,3.737,0.677,46.36,0.75,0.755
Niger,2007,4.277,0.726,47.12,0.584,0.748
Niger,2008,4.236,0.607,47.88,0.649,0.749
Niger,2009,4.267,0.771,48.64,0.88,0.483
Niger,2010,4.101,0.655,49.4,0.817,0.529
Niger,2011,4.556,0.818,49.92,0.78,0.549
Niger,2012,3.798,0.7,50.44,0.734,0.777
Niger,2013,3.716,0.696,50.96,0.825,0.711
Niger,2014,4.181,0.753,51.48,0.688,0.605
Niger,2015,3.671,0.713,52,0.728,0.703
Niger,2016,4.235,0.683,52.5,0.702,0.814
Niger,2017,4.616,0.582,53,0.684,0.778
Niger,2018,5.164,0.612,53.5,0.791,0.637
Niger,2019,5.004,0.677,54,0.831,0.729
Nigeria,2006,4.71,0.735,44.12,0.649,0.871
Nigeria,2007,4.89,0.718,44.64,0.635,0.918
Nigeria,2008,4.939,0.78,45.16,0.584,0.892
Nigeria,2009,4.98,0.722,45.68,0.537,0.913
Nigeria,2010,4.76,0.824,46.2,0.565,0.911
Nigeria,2012,5.493,0.818,47.12,0.652,0.9
Nigeria,2013,4.818,0.663,47.58,0.622,0.905
Nigeria,2015,4.933,0.812,48.5,0.68,0.926
Nigeria,2016,5.22,0.805,48.9,0.798,0.905
Nigeria,2017,5.322,0.733,49.3,0.826,0.835
Nigeria,2018,5.252,0.741,49.7,0.79,0.866
Nigeria,2019,4.356,0.734,50.1,0.729,0.873
Nigeria,2020,5.503,0.739,50.5,0.713,0.913
North Cyprus,2012,5.463,0.871,,0.693,0.855
North Cyprus,2013,5.567,0.869,,0.775,0.715
North Cyprus,2014,5.786,0.802,,0.83,0.692
North Cyprus,2015,5.843,0.791,,0.785,0.659
North Cyprus,2016,5.827,0.808,,0.796,0.67
North Cyprus,2018,5.608,0.837,,0.797,0.614
North Cyprus,2019,5.467,0.803,,0.793,0.64
North Macedonia,2007,4.494,0.811,64.095,0.439,0.87
North Macedonia,2009,4.428,0.734,64.349,0.552,0.844
North Macedonia,2010,4.18,0.687,64.502,0.513,0.856
North Macedonia,2011,4.898,0.784,64.661,0.607,0.865
North Macedonia,2012,4.64,0.798,64.811,0.613,0.92
North Macedonia,2013,5.186,0.832,64.942,0.641,0.861
North Macedonia,2014,5.204,0.793,65.053,0.645,0.861
North Macedonia,2015,4.976,0.766,65.145,0.66,0.824
North Macedonia,2016,5.346,0.871,65.225,0.706,0.87
North Macedonia,2017,5.234,0.8,65.303,0.752,0.856
North Macedonia,2018,5.24,0.849,65.389,0.745,0.91
North Macedonia,2019,5.015,0.815,65.474,0.725,0.923
North Macedonia,2020,5.054,0.75,65.56,0.787,0.877
Norway,2006,7.416,0.959,71.32,0.96,0.397
Norway,2008,7.632,0.936,71.56,0.947,0.503
Norway,2012,7.678,0.948,72.24,0.947,0.368
Norway,2014,7.444,0.941,72.68,0.956,0.405
Norway,2015,7.603,0.947,72.9,0.948,0.299
Norway,2016,7.596,0.96,73,0.954,0.41
Norway,2017,7.579,0.95,73.1,0.953,0.25
Norway,2018,7.444,0.966,73.2,0.96,0.268
Norway,2019,7.442,0.942,73.3,0.954,0.271
Norway,2020,7.29,0.956,73.4,0.965,0.271
Oman,2011,6.853,,65.5,0.916,
Pakistan,2005,5.225,0.591,54.2,0.63,0.844
Pakistan,2007,5.671,0.479,55,0.396,0.794
Pakistan,2008,4.414,0.373,55.4,0.335,0.848
Pakistan,2009,5.208,0.522,55.8,0.388,0.874
Pakistan,2010,5.786,0.571,56.2,0.364,0.852
Pakistan,2011,5.267,0.51,56.42,0.376,0.857
Pakistan,2012,5.132,0.542,56.64,0.367,0.842
Pakistan,2013,5.138,0.607,56.86,0.448,0.792
Pakistan,2014,5.436,0.552,57.08,0.543,0.677
Pakistan,2015,4.823,0.562,57.3,0.587,0.717
Pakistan,2016,5.549,0.627,57.7,0.634,0.793
Pakistan,2017,5.831,0.69,58.1,0.713,0.714
Pakistan,2018,5.472,0.685,58.5,0.773,0.799
Pakistan,2019,4.443,0.617,58.9,0.685,0.776
Palestinian Territories,2006,4.716,0.818,61.78,0.547,0.858
Palestinian Territories,2007,4.151,0.712,61.897,0.365,0.844
Palestinian Territories,2008,4.386,0.666,62.015,0.358,0.753
Palestinian Territories,2009,4.47,0.738,62.132,0.468,0.797
Palestinian Territories,2010,4.703,0.822,62.25,0.504,0.752
Palestinian Territories,2011,4.751,0.751,,0.522,0.75
Palestinian Territories,2012,4.647,0.782,,0.542,0.73
Palestinian Territories,2013,4.844,0.761,,0.454,0.78
Palestinian Territories,2014,4.722,0.775,,0.657,0.804
Palestinian Territories,2015,4.695,0.766,,0.556,0.774
Palestinian Territories,2016,4.907,0.818,,0.608,0.812
Palestinian Territories,2017,4.628,0.824,,0.632,0.831
Palestinian Territories,2018,4.554,0.819,,0.655,0.814
Palestinian Territories,2019,4.483,0.833,,0.653,0.829
Panama,2006,6.128,0.951,67.9,0.882,0.912
Panama,2007,6.894,0.937,68,0.64,0.915
Panama,2008,6.931,0.922,68.1,0.707,0.881
Panama,2009,7.034,0.905,68.2,0.721,0.889
Panama,2010,7.321,0.928,68.3,0.755,0.88
Panama,2011,7.248,0.876,68.5,0.829,0.84
Panama,2012,6.86,0.897,68.7,0.783,0.796
Panama,2013,6.866,0.896,68.9,0.811,0.814
Panama,2014,6.631,0.873,69.1,0.894,0.847
Panama,2015,6.606,0.883,69.3,0.847,0.81
Panama,2016,6.118,0.882,69.4,0.884,0.837
Panama,2017,6.568,0.912,69.5,0.9,0.841
Panama,2018,6.281,0.904,69.6,0.861,0.837
Panama,2019,6.086,0.886,69.7,0.883,0.869
Paraguay,2006,4.73,0.895,63.62,0.691,0.841
Paraguay,2007,5.272,0.863,63.84,0.699,0.93
Paraguay,2008,5.57,0.889,64.06,0.649,0.891
Paraguay,2009,5.576,0.9,64.28,0.718,0.857
Paraguay,2010,5.841,0.889,64.5,0.726,0.78
Paraguay,2011,5.677,0.869,64.62,0.666,0.756
Paraguay,2012,5.82,0.931,64.74,0.748,0.774
Paraguay,2013,5.936,0.939,64.86,0.909,0.903
Paraguay,2014,5.119,0.959,64.98,0.759,0.762
Paraguay,2015,5.56,0.914,65.1,0.806,0.863
Paraguay,2016,5.801,0.94,65.3,0.854,0.756
Paraguay,2017,5.713,0.902,65.5,0.891,0.81
Paraguay,2019,5.653,0.892,65.9,0.876,0.882
Peru,2006,4.811,0.875,65.34,0.668,0.895
Peru,2007,5.214,0.756,65.58,0.638,0.931
Peru,2008,5.129,0.777,65.82,0.638,0.896
Peru,2009,5.519,0.799,66.06,0.638,0.88
Peru,2010,5.613,0.812,66.3,0.757,0.881
Peru,2011,5.892,0.756,66.48,0.773,0.824
Peru,2012,5.825,0.764,66.66,0.703,0.867
Peru,2013,5.783,0.797,66.84,0.703,0.87
Peru,2014,5.866,0.819,67.02,0.722,0.878
Peru,2015,5.577,0.798,67.2,0.802,0.884
Peru,2016,5.701,0.803,67.5,0.83,0.866
Peru,2017,5.711,0.83,67.8,0.827,0.895
Peru,2018,5.68,0.845,68.1,0.83,0.906
Peru,2019,5.999,0.809,68.4,0.815,0.874
Philippines,2006,4.67,0.795,59.8,0.828,0.841
Philippines,2007,5.074,0.801,60,0.852,0.88
Philippines,2008,4.589,0.798,60.2,0.861,0.817
Philippines,2009,4.88,0.775,60.4,0.874,0.805
Philippines,2010,4.942,0.805,60.6,0.893,0.812
Philippines,2011,4.994,0.789,60.8,0.883,0.783
Philippines,2012,5.002,0.813,61,0.914,0.771
Philippines,2013,4.977,0.846,61.2,0.907,0.756
Philippines,2014,5.313,0.813,61.4,0.902,0.787
Philippines,2015,5.547,0.854,61.6,0.912,0.755
Philippines,2016,5.431,0.821,61.7,0.908,0.792
Philippines,2017,5.594,0.851,61.8,0.926,0.711
Philippines,2018,5.869,0.846,61.9,0.918,0.726
Philippines,2019,6.268,0.845,62,0.91,0.748
Philippines,2020,5.08,0.781,62.1,0.932,0.744
Poland,2005,5.587,0.922,66.3,0.782,0.983
Poland,2007,5.886,0.913,66.7,0.772,0.925
Poland,2009,5.772,0.917,67.1,0.821,0.898
Poland,2010,5.887,0.955,67.3,0.795,0.905
Poland,2011,5.646,0.905,67.46,0.868,0.908
Poland,2012,5.876,0.936,67.62,0.811,0.888
Poland,2013,5.746,0.912,67.78,0.776,0.916
Poland,2014,5.75,0.924,67.94,0.875,0.898
Poland,2015,6.007,0.893,68.1,0.793,0.81
Poland,2016,6.162,0.917,68.5,0.871,0.848
Poland,2017,6.201,0.882,68.9,0.831,0.639
Poland,2018,6.111,0.863,69.3,0.87,0.72
Poland,2019,6.242,0.878,69.7,0.883,0.696
Poland,2020,6.139,0.953,70.1,0.767,0.787
Portugal,2006,5.405,0.905,69.84,0.882,0.88
Portugal,2008,5.717,0.886,70.32,0.646,0.933
Portugal,2010,5.095,0.864,70.8,0.721,0.948
Portugal,2011,5.22,0.856,71,0.875,0.962
Portugal,2012,4.994,0.866,71.2,0.774,0.959
Portugal,2013,5.158,0.867,71.4,0.788,0.946
Portugal,2014,5.127,0.862,71.6,0.847,0.941
Portugal,2015,5.081,0.866,71.8,0.8,0.941
Portugal,2016,5.447,0.905,72,0.838,0.922
Portugal,2017,5.711,0.9,72.2,0.905,0.881
Portugal,2018,5.92,0.887,72.4,0.877,0.88
Portugal,2019,6.095,0.876,72.6,0.882,0.915
Portugal,2020,5.768,0.875,72.8,0.913,0.867
Qatar,2009,6.418,0.894,66.58,0.865,0.184
Qatar,2010,6.85,,66.7,,
Qatar,2011,6.592,0.857,67.02,0.905,
Qatar,2012,6.611,0.838,67.34,0.924,
Qatar,2015,6.375,,68.3,,
Romania,2005,5.049,0.838,64,0.8,0.957
Romania,2007,5.394,0.736,64.48,0.686,0.949
Romania,2009,5.368,0.812,64.96,0.606,0.967
Romania,2010,4.909,0.689,65.2,0.566,0.974
Romania,2011,5.023,0.753,65.42,0.65,0.964
Romania,2012,5.167,0.74,65.64,0.645,0.959
Romania,2013,5.082,0.778,65.86,0.655,0.952
Romania,2014,5.727,0.753,66.08,0.754,0.958
Romania,2015,5.777,0.787,66.3,0.796,0.962
Romania,2016,5.969,0.809,66.6,0.822,0.949
Romania,2017,6.09,0.811,66.9,0.839,0.926
Romania,2018,6.151,0.818,67.2,0.845,0.921
Romania,2019,6.13,0.842,67.5,0.848,0.954
Russia,2006,4.964,0.895,58.68,0.643,0.935
Russia,2007,5.223,0.885,59.26,0.593,0.933
Russia,2008,5.619,0.882,59.84,0.643,0.924
Russia,2009,5.158,0.908,60.42,0.617,0.954
Russia,2010,5.385,0.909,61,0.613,0.937
Russia,2011,5.389,0.883,61.42,0.626,0.935
Russia,2012,5.621,0.901,61.84,0.609,0.938
Russia,2013,5.537,0.881,62.26,0.661,0.934
Russia,2014,6.037,0.932,62.68,0.744,0.869
Russia,2015,5.996,0.924,63.1,0.685,0.913
Russia,2016,5.855,0.911,63.5,0.714,0.925
Russia,2017,5.579,0.896,63.9,0.731,0.862
Russia,2018,5.514,0.909,64.3,0.729,0.865
Russia,2019,5.441,0.91,64.7,0.715,0.848
Russia,2020,5.495,0.887,65.1,0.714,0.823
Rwanda,2006,4.215,0.718,49.88,0.915,0.299
Rwanda,2008,4.363,0.486,53.04,0.752,0.286
Rwanda,2009,4.03,0.559,54.62,0.766,0.41
Rwanda,2011,4.097,0.57,56.82,0.829,0.161
Rwanda,2012,3.333,0.637,57.44,0.835,0.081
Rwanda,2013,3.466,0.75,58.06,0.904,0.117
Rwanda,2014,3.596,0.748,58.68,0.894,0.078
Rwanda,2015,3.483,0.678,59.3,0.908,0.095
Rwanda,2016,3.333,0.665,59.9,0.911,0.159
Rwanda,2017,3.108,0.517,60.5,0.908,0.214
Rwanda,2018,3.561,0.616,61.1,0.924,0.164
Rwanda,2019,3.268,0.489,61.7,0.869,0.168
Saudi Arabia,2005,7.08,0.868,63.5,,0.505
Saudi Arabia,2007,7.267,0.892,63.86,0.622,
Saudi Arabia,2008,6.811,0.823,64.04,0.532,0.508
Saudi Arabia,2009,6.148,0.921,64.22,0.639,0.445
Saudi Arabia,2010,6.307,0.88,64.4,0.678,
Saudi Arabia,2011,6.7,0.83,64.6,0.603,
Saudi Arabia,2012,6.396,0.867,64.8,0.56,
Saudi Arabia,2013,6.495,0.827,65,0.661,
Saudi Arabia,2014,6.278,0.818,65.2,0.762,
Saudi Arabia,2015,6.345,0.82,65.4,0.82,
Saudi Arabia,2016,6.474,0.89,65.7,0.774,
Saudi Arabia,2017,6.294,0.84,66,0.814,
Saudi Arabia,2018,6.356,0.868,66.3,0.855,
Saudi Arabia,2019,6.561,0.912,66.6,0.891,
Saudi Arabia,2020,6.56,0.89,66.9,0.884,
Senegal,2006,4.417,0.76,53.38,0.736,0.805
Senegal,2007,4.68,0.718,54.06,0.698,0.827
Senegal,2008,4.683,0.756,54.74,0.612,0.879
Senegal,2009,4.335,0.81,55.42,0.557,0.918
Senegal,2010,4.372,0.76,56.1,0.777,0.851
Senegal,2011,3.834,0.602,56.56,0.641,0.87
Senegal,2012,3.669,0.711,57.02,0.668,0.852
Senegal,2013,3.647,0.823,57.48,0.636,0.837
Senegal,2014,4.395,0.856,57.94,0.692,0.7
Senegal,2015,4.617,0.702,58.4,0.72,0.765
Senegal,2016,4.595,0.839,58.8,0.744,0.794
Senegal,2017,4.683,0.744,59.2,0.687,0.825
Senegal,2018,4.769,0.739,59.6,0.629,0.805
Senegal,2019,5.489,0.688,60,0.759,0.796
Serbia,2007,4.75,0.844,65.6,0.453,0.905
Serbia,2009,4.38,0.77,66,0.373,0.961
Serbia,2010,4.461,0.726,66.2,0.463,0.965
Serbia,2011,4.815,0.773,66.36,0.44,0.977
Serbia,2012,5.155,0.819,66.52,0.461,0.952
Serbia,2013,5.102,0.828,66.68,0.533,0.908
Serbia,2014,5.113,0.783,66.84,0.532,0.912
Serbia,2015,5.318,0.816,67,0.546,0.859
Serbia,2016,5.753,0.895,67.4,0.614,0.89
Serbia,2017,5.122,0.884,67.8,0.685,0.851
Serbia,2018,5.936,0.853,68.2,0.74,0.864
Serbia,2019,6.241,0.903,68.6,0.753,0.813
Serbia,2020,6.042,0.852,69,0.843,0.824
Sierra Leone,2006,3.628,0.561,40.3,0.679,0.836
Sierra Leone,2007,3.585,0.686,41.2,0.72,0.83
Sierra Leone,2008,2.997,0.591,42.1,0.716,0.925
Sierra Leone,2010,4.134,0.812,43.9,0.726,0.91
Sierra Leone,2011,4.502,0.782,44.32,0.77,0.855
Sierra Leone,2013,4.514,0.708,45.16,0.72,0.856
Sierra Leone,2014,4.5,0.869,45.58,0.681,0.786
Sierra Leone,2015,4.909,0.611,46,0.624,0.825
Sierra Leone,2016,4.733,0.657,47.6,0.681,0.863
Sierra Leone,2017,4.09,0.652,49.2,0.711,0.848
Sierra Leone,2018,4.306,0.65,50.8,0.716,0.856
Sierra Leone,2019,3.447,0.611,52.4,0.718,0.874
Singapore,2006,6.463,0.904,73.6,0.757,
Singapore,2007,6.834,0.921,73.9,0.867,0.064
Singapore,2008,6.642,0.845,74.2,0.661,0.066
Singapore,2009,6.145,0.866,74.5,0.776,0.035
Singapore,2010,6.531,0.864,74.8,0.846,0.06
Singapore,2011,6.561,0.904,75.02,0.822,0.099
Singapore,2013,6.533,0.808,75.46,0.827,0.242
Singapore,2014,7.062,0.822,75.68,0.835,0.133
Singapore,2015,6.62,0.866,75.9,0.887,0.099
Singapore,2016,6.033,0.925,76.2,0.904,0.047
Singapore,2017,6.378,0.897,76.5,0.926,0.162
Singapore,2018,6.375,0.903,76.8,0.916,0.097
Singapore,2019,6.378,0.925,77.1,0.938,0.07
Slovakia,2006,5.265,0.954,66,0.542,0.946
Slovakia,2010,6.052,0.92,66.8,0.636,0.907
Slovakia,2011,5.945,0.917,67.04,0.727,0.907
Slovakia,2012,5.911,0.926,67.28,0.62,0.907
Slovakia,2013,5.937,0.909,67.52,0.598,0.915
Slovakia,2014,6.139,0.924,67.76,0.635,0.914
Slovakia,2015,6.162,0.943,68,0.587,0.928
Slovakia,2016,5.993,0.945,68.3,0.7,0.917
Slovakia,2017,6.366,0.913,68.6,0.714,0.92
Slovakia,2018,6.235,0.922,68.9,0.758,0.91
Slovakia,2019,6.243,0.933,69.2,0.771,0.926
Slovakia,2020,6.519,0.954,69.5,0.762,0.901
Slovenia,2006,5.811,0.936,68,0.936,0.708
Slovenia,2009,5.83,0.919,68.9,0.896,0.804
Slovenia,2010,6.083,0.917,69.2,0.896,0.845
Slovenia,2011,6.036,0.931,69.4,0.907,0.893
Slovenia,2012,6.063,0.925,69.6,0.904,0.891
Slovenia,2013,5.975,0.932,69.8,0.89,0.918
Slovenia,2014,5.678,0.908,70,0.888,0.909
Slovenia,2015,5.741,0.901,70.2,0.896,0.892
Slovenia,2016,5.937,0.934,70.5,0.904,0.838
Slovenia,2017,6.167,0.928,70.8,0.921,0.829
Slovenia,2018,6.249,0.941,71.1,0.942,0.839
Slovenia,2019,6.665,0.949,71.4,0.945,0.785
Slovenia,2020,6.462,0.953,71.7,0.958,0.797
Somalia,2014,5.528,0.611,49.6,0.874,0.456
Somalia,2015,5.354,0.599,50.1,0.968,0.41
Somalia,2016,4.668,0.594,50,0.917,0.441
Somaliland region,2009,4.991,0.88,,0.746,0.513
Somaliland region,2010,4.657,0.829,,0.82,0.471
Somaliland region,2011,4.931,0.788,,0.858,0.357
Somaliland region,2012,5.057,0.786,,0.758,0.334
South Africa,2006,5.084,0.913,48.02,0.649,
South Africa,2007,5.204,0.788,48.64,0.69,0.859
South Africa,2008,5.346,0.81,49.26,0.749,0.866
South Africa,2009,5.218,0.877,49.88,0.739,0.904
South Africa,2010,4.652,0.917,50.5,0.739,0.791
South Africa,2011,4.931,0.858,51.46,0.835,0.819
South Africa,2012,5.134,0.907,52.42,0.59,0.838
South Africa,2013,3.661,0.839,53.38,0.714,0.8
South Africa,2014,4.828,0.881,54.34,0.794,0.82
South Africa,2015,4.887,0.898,55.3,0.862,0.853
South Africa,2016,4.77,0.875,55.7,0.774,0.813
South Africa,2017,4.514,0.87,56.1,0.787,0.865
South Africa,2018,4.884,0.841,56.5,0.753,0.841
South Africa,2019,5.035,0.848,56.9,0.738,0.82
South Africa,2020,4.947,0.891,57.3,0.757,0.912
South Korea,2006,5.332,0.775,70.2,0.715,0.799
South Korea,2007,5.767,0.827,70.5,0.656,0.803
South Korea,2008,5.39,0.754,70.8,0.524,0.771
South Korea,2009,5.648,0.811,71.1,0.6,0.787
South Korea,2010,6.116,0.816,71.4,0.677,0.752
South Korea,2011,6.947,0.809,71.66,0.682,0.827
South Korea,2012,6.003,0.775,71.92,0.618,0.844
South Korea,2013,5.959,0.797,72.18,0.642,0.832
South Korea,2014,5.801,0.738,72.44,0.623,0.834
South Korea,2015,5.78,0.768,72.7,0.616,0.841
South Korea,2016,5.971,0.811,73,0.591,0.862
South Korea,2017,5.874,0.807,73.3,0.538,0.851
South Korea,2018,5.84,0.798,73.6,0.6,0.797
South Korea,2019,5.903,0.783,73.9,0.706,0.718
South Korea,2020,5.793,0.808,74.2,0.711,0.665
South Sudan,2014,3.832,0.545,49.84,0.567,0.742
South Sudan,2015,4.071,0.585,50.2,0.512,0.71
South Sudan,2016,2.888,0.532,50.6,0.44,0.785
South Sudan,2017,2.817,0.557,51,0.456,0.761
Spain,2005,7.153,0.961,71.5,0.916,0.777
Spain,2007,6.995,0.957,72.06,0.782,0.784
Spain,2008,7.294,0.948,72.34,0.834,0.683
Spain,2009,6.199,0.929,72.62,0.749,0.798
Spain,2010,6.188,0.95,72.9,0.796,0.84
Spain,2011,6.518,0.944,73.02,0.819,0.846
Spain,2012,6.291,0.937,73.14,0.755,0.844
Spain,2013,6.15,0.929,73.26,0.759,0.916
Spain,2014,6.456,0.948,73.38,0.738,0.854
Spain,2015,6.381,0.956,73.5,0.732,0.822
Spain,2016,6.319,0.942,73.8,0.768,0.819
Spain,2017,6.23,0.903,74.1,0.756,0.791
Spain,2018,6.513,0.91,74.4,0.722,0.777
Spain,2019,6.457,0.949,74.7,0.778,0.73
Spain,2020,6.502,0.935,75,0.783,0.73
Sri Lanka,2006,4.345,0.864,65.78,0.724,0.838
Sri Lanka,2007,4.415,0.838,65.86,0.736,0.847
Sri Lanka,2008,4.431,0.816,65.94,0.834,0.861
Sri Lanka,2009,4.212,0.83,66.02,0.799,0.69
Sri Lanka,2010,3.977,0.814,66.1,0.738,0.769
Sri Lanka,2011,4.181,0.842,66.2,0.823,0.76
Sri Lanka,2012,4.225,0.824,66.3,0.8,0.823
Sri Lanka,2013,4.365,0.809,66.4,0.834,0.842
Sri Lanka,2014,4.268,0.805,66.5,0.868,0.791
Sri Lanka,2015,4.612,0.863,66.6,0.902,0.859
Sri Lanka,2017,4.331,0.823,67,0.827,0.844
Sri Lanka,2018,4.435,0.833,67.2,0.859,0.856
Sri Lanka,2019,4.213,0.815,67.4,0.824,0.863
Sudan,2009,4.455,0.911,53.7,0.71,0.701
Sudan,2010,4.435,0.855,54,0.648,0.737
Sudan,2011,4.314,0.818,54.28,0.583,0.663
Sudan,2012,4.55,0.813,54.56,0.412,0.734
Sudan,2014,4.139,0.811,55.12,0.39,0.794
Suriname,2012,6.269,0.797,62.24,0.885,0.751
Swaziland,2011,4.867,0.837,40.808,0.607,0.917
Swaziland,2018,4.212,0.779,50.353,0.71,0.692
Swaziland,2019,4.396,0.759,51.27,0.597,0.724
Sweden,2005,7.376,0.951,71.2,0.964,
Sweden,2007,7.241,0.917,71.48,0.91,0.289
Sweden,2008,7.516,0.923,71.62,0.912,0.314
Sweden,2009,7.266,0.903,71.76,0.864,0.292
Sweden,2010,7.496,0.97,71.9,0.905,0.253
Sweden,2011,7.382,0.921,71.98,0.941,0.269
Sweden,2012,7.56,0.929,72.06,0.944,0.254
Sweden,2013,7.434,0.916,72.14,0.936,0.324
Sweden,2014,7.239,0.933,72.22,0.945,0.25
Sweden,2015,7.289,0.929,72.3,0.935,0.232
Sweden,2016,7.369,0.912,72.4,0.918,0.246
Sweden,2017,7.287,0.914,72.5,0.935,0.239
Sweden,2018,7.375,0.931,72.6,0.942,0.263
Sweden,2019,7.398,0.934,72.7,0.942,0.25
Sweden,2020,7.314,0.936,72.8,0.951,0.203
Switzerland,2006,7.473,0.951,71.54,0.919,0.408
Switzerland,2009,7.525,0.938,72.26,0.891,0.342
Switzerland,2012,7.776,0.947,72.78,0.945,0.323
Switzerland,2014,7.493,0.959,73.06,0.949,0.283
Switzerland,2015,7.572,0.938,73.2,0.928,0.21
Switzerland,2016,7.459,0.928,73.5,0.934,0.302
Switzerland,2017,7.474,0.95,73.8,0.925,0.316
Switzerland,2018,7.509,0.93,74.1,0.926,0.301
Switzerland,2019,7.694,0.949,74.4,0.913,0.294
Switzerland,2020,7.508,0.946,74.7,0.917,0.28
Syria,2008,5.323,0.712,63.9,0.661,0.68
Syria,2009,4.979,0.842,64,0.748,0.688
Syria,2010,4.465,0.934,64.1,0.647,0.743
Syria,2011,4.038,0.576,62.32,0.53,0.741
Syria,2012,3.164,0.588,60.54,0.467,0.673
Syria,2013,2.688,0.585,58.76,0.455,0.663
Syria,2015,3.462,0.464,55.2,0.448,0.685
Taiwan Province of China,2006,6.189,0.882,68.68,0.63,0.846
Taiwan Province of China,2008,5.548,0.83,69.14,0.642,0.785
Taiwan Province of China,2010,6.229,0.831,69.6,0.677,0.821
Taiwan Province of China,2011,6.309,0.863,,0.761,0.755
Taiwan Province of China,2012,6.126,0.825,,0.698,0.803
Taiwan Province of China,2013,6.34,0.817,,0.69,0.841
Taiwan Province of China,2014,6.363,0.87,,0.693,0.866
Taiwan Province of China,2015,6.45,0.885,,0.701,0.857
Taiwan Province of China,2016,6.513,0.895,,0.719,0.811
Taiwan Province of China,2017,6.359,0.891,,0.76,0.743
Taiwan Province of China,2018,6.467,0.896,,0.741,0.736
Taiwan Province of China,2019,6.537,0.893,,0.814,0.718
Taiwan Province of China,2020,6.751,0.901,,0.799,0.711
Tajikistan,2006,4.613,0.724,60.64,0.702,0.768
Tajikistan,2007,4.432,0.727,61.08,0.818,0.659
Tajikistan,2008,5.064,0.701,61.52,0.816,0.723
Tajikistan,2009,4.575,0.676,61.96,0.744,0.792
Tajikistan,2010,4.381,0.759,62.4,0.784,0.679
Tajikistan,2011,4.263,0.751,62.56,0.776,0.672
Tajikistan,2012,4.497,0.729,62.72,0.749,0.717
Tajikistan,2013,4.967,0.701,62.88,0.693,0.764
Tajikistan,2014,4.896,0.81,63.04,0.853,0.698
Tajikistan,2015,5.124,0.844,63.2,0.847,0.742
Tajikistan,2016,5.104,0.857,63.5,0.703,0.632
Tajikistan,2017,5.829,0.663,63.8,0.832,0.718
Tajikistan,2018,5.497,0.875,64.1,,0.578
Tajikistan,2019,5.464,0.88,64.4,,0.49
Tajikistan,2020,5.373,0.79,64.7,,0.55
Tanzania,2006,3.922,0.783,48.7,0.787,0.649
Tanzania,2007,4.318,0.708,49.6,0.716,0.707
Tanzania,2008,4.385,0.774,50.5,0.562,0.93
Tanzania,2009,3.408,0.837,51.4,0.607,0.903
Tanzania,2010,3.229,0.813,52.3,0.597,0.866
Tanzania,2011,4.074,0.883,53.04,0.736,0.816
Tanzania,2012,4.007,0.832,53.78,0.577,0.887
Tanzania,2013,3.852,0.803,54.52,0.654,0.859
Tanzania,2014,3.483,0.789,55.26,0.654,0.878
Tanzania,2015,3.661,0.79,56,0.759,0.906
Tanzania,2016,2.903,0.638,56.5,0.775,0.739
Tanzania,2017,3.347,0.705,57,0.8,0.654
Tanzania,2018,3.445,0.675,57.5,0.807,0.612
Tanzania,2019,3.64,0.687,58,0.85,0.589
Tanzania,2020,3.786,0.74,58.5,0.83,0.521
Thailand,2006,5.885,0.894,64.14,0.863,0.935
Thailand,2007,5.784,0.889,64.48,0.87,0.898
Thailand,2008,5.636,0.832,64.82,0.868,0.933
Thailand,2009,5.476,0.893,65.16,0.868,0.904
Thailand,2010,6.217,0.898,65.5,0.86,0.917
Thailand,2011,6.664,0.884,65.72,0.927,0.923
Thailand,2012,6.3,0.906,65.94,0.847,0.909
Thailand,2013,6.231,0.926,66.16,0.781,0.925
Thailand,2014,6.985,0.933,66.38,0.9,0.92
Thailand,2015,6.202,0.866,66.6,0.885,0.914
Thailand,2016,6.074,0.908,66.8,0.924,0.878
Thailand,2017,5.939,0.877,67,0.923,0.884
Thailand,2018,6.012,0.873,67.2,0.905,0.907
Thailand,2019,6.022,0.903,67.4,0.898,0.877
Thailand,2020,5.885,0.867,67.6,0.84,0.918
Togo,2006,3.202,0.435,49.26,0.628,0.85
Togo,2008,2.808,0.291,50.18,0.287,0.932
Togo,2011,2.936,0.303,51.58,0.584,0.832
Togo,2014,2.839,0.444,53.02,0.663,0.795
Togo,2015,3.768,0.479,53.5,0.772,0.733
Togo,2016,3.879,0.509,53.9,0.73,0.815
Togo,2017,4.361,0.508,54.3,0.717,0.726
Togo,2018,4.023,0.596,54.7,0.612,0.809
Togo,2019,4.179,0.539,55.1,0.617,0.737
Trinidad and Tobago,2006,5.832,0.887,61.76,0.84,0.917
Trinidad and Tobago,2008,6.696,0.858,62.08,0.838,0.959
Trinidad and Tobago,2011,6.519,0.863,62.54,0.775,0.9
Trinidad and Tobago,2013,6.168,0.883,62.82,0.847,0.948
Trinidad and Tobago,2017,6.192,0.916,63.5,0.859,0.911
Tunisia,2009,5.025,,64.96,0.781,0.722
Tunisia,2010,5.131,0.863,65.1,0.624,0.732
Tunisia,2011,4.876,0.715,65.28,0.603,0.913
Tunisia,2012,4.464,0.614,65.46,0.568,0.899
Tunisia,2013,5.246,0.648,65.64,0.536,0.886
Tunisia,2014,4.764,0.68,65.82,0.589,0.783
Tunisia,2015,5.132,0.609,66,0.711,0.815
Tunisia,2016,4.521,0.702,66.3,0.614,0.811
Tunisia,2017,4.124,0.717,66.6,0.478,0.869
Tunisia,2018,4.741,0.733,66.9,0.65,0.84
Tunisia,2019,4.315,0.61,67.2,0.659,0.889
Tunisia,2020,4.731,0.719,67.5,0.668,0.877
Turkey,2005,4.719,0.82,62.6,0.623,0.877
Turkey,2007,5.623,0.792,63.32,0.459,0.8
Turkey,2008,5.118,0.645,63.68,0.415,0.785
Turkey,2009,5.213,0.755,64.04,0.456,0.853
Turkey,2010,5.49,0.795,64.4,0.515,0.811
Turkey,2011,5.272,0.692,64.64,0.446,0.649
Turkey,2012,5.309,0.739,64.88,0.471,0.702
Turkey,2013,4.888,0.795,65.12,0.541,0.698
Turkey,2014,5.58,0.863,65.36,0.649,0.764
Turkey,2015,5.514,0.851,65.6,0.653,0.806
Turkey,2016,5.326,0.88,66,0.644,0.764
Turkey,2017,5.607,0.876,66.4,0.644,0.671
Turkey,2018,5.186,0.847,66.8,0.529,0.805
Turkey,2019,4.872,0.792,67.2,0.631,0.76
Turkey,2020,4.862,0.857,67.6,0.51,0.774
Turkmenistan,2009,6.568,0.924,59.44,,
Turkmenistan,2011,5.792,0.964,60.04,,
Turkmenistan,2012,5.464,0.946,60.28,0.786,
Turkmenistan,2013,5.392,0.846,60.52,0.705,
Turkmenistan,2014,5.787,0.909,60.76,0.805,
Turkmenistan,2015,5.791,0.96,61,0.701,
Turkmenistan,2016,5.887,0.929,61.4,0.749,
Turkmenistan,2017,5.229,0.908,61.8,0.72,
Turkmenistan,2018,4.621,0.984,62.2,0.858,
Turkmenistan,2019,5.474,0.982,62.6,0.892,
Uganda,2006,3.734,0.76,46.48,0.747,0.807
Uganda,2007,4.456,0.845,47.46,0.708,0.881
Uganda,2008,4.569,0.813,48.44,0.578,0.848
Uganda,2009,4.612,0.852,49.42,0.76,0.84
Uganda,2010,4.193,0.83,50.4,0.801,0.855
Uganda,2011,4.826,0.882,51.22,0.733,0.83
Uganda,2012,4.309,0.885,52.04,0.649,0.838
Uganda,2013,3.71,0.878,52.86,0.763,0.82
Uganda,2014,3.77,0.821,53.68,0.834,0.898
Uganda,2015,4.238,0.747,54.5,0.758,0.873
Uganda,2016,4.233,0.754,54.9,0.739,0.811
Uganda,2017,4.001,0.74,55.3,0.772,0.816
Uganda,2018,4.322,0.74,55.7,0.729,0.856
Uganda,2019,4.948,0.805,56.1,0.704,0.826
Uganda,2020,4.641,0.8,56.5,0.687,0.878
Ukraine,2006,4.804,0.852,60.12,0.624,0.929
Ukraine,2007,5.252,0.82,60.64,0.494,0.968
Ukraine,2008,5.172,0.86,61.16,0.487,0.929
Ukraine,2009,5.166,0.845,61.68,0.46,0.962
Ukraine,2010,5.058,0.884,62.2,0.484,0.954
Ukraine,2011,5.083,0.859,62.5,0.579,0.933
Ukraine,2012,5.03,0.898,62.8,0.564,0.896
Ukraine,2013,4.711,0.897,63.1,0.569,0.937
Ukraine,2014,4.297,0.877,63.4,0.533,0.927
Ukraine,2015,3.965,0.909,63.7,0.431,0.952
Ukraine,2016,4.029,0.885,64,0.503,0.891
Ukraine,2017,4.311,0.858,64.3,0.599,0.937
Ukraine,2018,4.662,0.901,64.6,0.663,0.943
Ukraine,2019,4.702,0.883,64.9,0.715,0.885
Ukraine,2020,5.27,0.885,65.2,0.784,0.946
United Arab Emirates,2006,6.734,0.903,65.92,0.898,0.203
United Arab Emirates,2009,6.866,0.885,66.28,0.849,0.339
United Arab Emirates,2010,7.097,0.912,66.4,0.878,0.355
United Arab Emirates,2011,7.119,0.881,66.42,0.889,
United Arab Emirates,2012,7.218,0.856,66.44,0.92,
United Arab Emirates,2013,6.621,0.864,66.46,0.936,
United Arab Emirates,2014,6.54,,66.48,,
United Arab Emirates,2015,6.568,0.824,66.5,0.915,
United Arab Emirates,2016,6.831,0.849,66.7,0.949,
United Arab Emirates,2017,7.039,0.836,66.9,0.962,
United Arab Emirates,2018,6.604,0.851,67.1,0.944,
United Arab Emirates,2019,6.711,0.862,67.3,0.911,
United Arab Emirates,2020,6.458,0.827,67.5,0.942,
United Kingdom,2005,6.984,0.979,69.9,0.922,0.398
United Kingdom,2007,6.802,0.97,70.46,0.838,0.498
United Kingdom,2008,6.986,0.954,70.74,0.759,0.548
United Kingdom,2009,6.907,0.964,71.02,0.816,0.559
United Kingdom,2010,7.029,0.955,71.3,0.841,0.587
United Kingdom,2011,6.869,0.949,71.38,0.9,0.438
United Kingdom,2012,6.881,0.935,71.46,0.889,0.425
United Kingdom,2013,6.918,0.937,71.54,0.905,0.568
United Kingdom,2014,6.758,0.91,71.62,0.857,0.484
United Kingdom,2015,6.515,0.936,71.7,0.833,0.456
United Kingdom,2016,6.824,0.954,71.9,0.821,0.458
United Kingdom,2017,7.103,0.937,72.1,0.813,0.419
United Kingdom,2018,7.233,0.928,72.3,0.838,0.404
United Kingdom,2019,7.157,0.943,72.5,0.854,0.485
United Kingdom,2020,6.798,0.929,72.7,0.885,0.49
United States,2006,7.182,0.965,68.06,0.911,0.6
United States,2007,7.513,,68.22,0.872,0.633
United States,2008,7.28,0.953,68.38,0.878,0.668
United States,2009,7.158,0.912,68.54,0.831,0.665
United States,2010,7.164,0.926,68.7,0.828,0.69
United States,2011,7.115,0.922,68.68,0.863,0.697
United States,2012,7.026,0.903,68.66,0.823,0.71
United States,2013,7.249,0.925,68.64,0.792,0.747
United States,2014,7.151,0.902,68.62,0.866,0.702
United States,2015,6.864,0.904,68.6,0.849,0.698
United States,2016,6.804,0.897,68.5,0.758,0.739
United States,2017,6.992,0.921,68.4,0.868,0.681
United States,2018,6.883,0.904,68.3,0.825,0.71
United States,2019,6.944,0.917,68.2,0.836,0.707
United States,2020,7.028,0.937,68.1,0.85,0.678
Uruguay,2006,5.786,0.912,67.44,0.807,0.477
Uruguay,2007,5.694,0.875,67.58,0.786,0.614
Uruguay,2008,5.664,0.879,67.72,0.808,0.597
Uruguay,2009,6.296,0.924,67.86,0.825,0.544
Uruguay,2010,6.062,0.893,68,0.832,0.471
Uruguay,2011,6.554,0.891,68.14,0.851,0.556
Uruguay,2012,6.45,0.865,68.28,0.871,0.615
Uruguay,2013,6.444,0.917,68.42,0.888,0.586
Uruguay,2014,6.561,0.902,68.56,0.904,0.533
Uruguay,2015,6.628,0.891,68.7,0.917,0.673
Uruguay,2016,6.171,0.9,68.8,0.886,0.676
Uruguay,2017,6.336,0.914,68.9,0.898,0.627
Uruguay,2018,6.372,0.917,69,0.876,0.683
Uruguay,2019,6.6,0.933,69.1,0.903,0.599
Uruguay,2020,6.31,0.921,69.2,0.908,0.491
Uzbekistan,2006,5.232,0.903,61.44,0.784,0.609
Uzbekistan,2008,5.311,0.894,62.32,0.831,
Uzbekistan,2009,5.261,0.905,62.76,,0.61
Uzbekistan,2010,5.095,0.903,63.2,,0.519
Uzbekistan,2011,5.739,0.924,63.4,0.934,0.522
Uzbekistan,2012,6.019,0.933,63.6,0.914,0.463
Uzbekistan,2013,5.94,0.963,63.8,0.95,0.434
Uzbekistan,2014,6.049,0.952,64,0.954,0.536
Uzbekistan,2015,5.972,0.968,64.2,0.98,0.471
Uzbekistan,2016,5.893,0.945,64.5,0.984,
Uzbekistan,2017,6.421,0.942,64.8,0.985,0.465
Uzbekistan,2018,6.205,0.921,65.1,0.97,0.52
Uzbekistan,2019,6.154,0.915,65.4,0.97,0.511
Venezuela,2005,7.17,0.955,65.4,0.838,0.72
Venezuela,2006,6.525,0.946,65.46,0.798,0.646
Venezuela,2008,6.258,0.922,65.58,0.678,0.776
Venezuela,2009,7.189,0.945,65.64,0.677,0.828
Venezuela,2010,7.478,0.932,65.7,0.768,0.754
Venezuela,2011,6.58,0.931,65.74,0.766,0.772
Venezuela,2012,7.067,0.932,65.78,0.804,0.743
Venezuela,2013,6.553,0.896,65.82,0.642,0.837
Venezuela,2014,6.136,0.904,65.86,0.57,0.827
Venezuela,2015,5.569,0.911,65.9,0.512,0.813
Venezuela,2016,4.041,0.902,66.1,0.458,0.89
Venezuela,2017,5.071,0.896,66.3,0.636,0.844
Venezuela,2018,5.006,0.887,66.5,0.611,0.828
Venezuela,2019,5.081,0.888,66.7,0.626,0.839
Venezuela,2020,4.574,0.805,66.9,0.612,0.811
Vietnam,2006,5.294,0.888,65.86,0.886,
Vietnam,2007,5.422,0.856,66.02,0.918,0.754
Vietnam,2008,5.48,0.805,66.18,0.889,0.789
Vietnam,2009,5.304,0.815,66.34,0.834,0.838
Vietnam,2010,5.296,0.787,66.5,0.831,0.743
Vietnam,2011,5.767,0.898,66.66,0.818,0.742
Vietnam,2012,5.535,0.775,66.82,0.856,0.815
Vietnam,2013,5.023,0.759,66.98,0.92,0.771
Vietnam,2014,5.085,0.792,67.14,,
Vietnam,2015,5.076,0.849,67.3,,
Vietnam,2016,5.062,0.876,67.5,0.894,0.799
Vietnam,2017,5.175,,67.7,,
Vietnam,2018,5.296,0.832,67.9,0.909,0.808
Vietnam,2019,5.467,0.848,68.1,0.952,0.788
Yemen,2007,4.477,0.825,53.4,0.673,
Yemen,2009,4.809,0.756,54,0.644,0.832
Yemen,2010,4.35,0.727,54.3,0.659,0.853
Yemen,2011,3.746,0.663,54.3,0.638,0.754
Yemen,2012,4.061,0.682,54.3,0.706,0.793
Yemen,2013,4.218,0.694,54.3,0.543,0.885
Yemen,2014,3.968,0.638,54.3,0.664,0.885
Yemen,2015,2.983,0.669,54.3,0.61,0.829
Yemen,2016,3.826,0.775,55.1,0.533,
Yemen,2017,3.254,0.79,55.9,0.595,
Yemen,2018,3.058,0.789,56.7,0.553,0.793
Yemen,2019,4.197,0.87,57.5,0.651,0.798
Zambia,2006,4.824,0.798,44.26,0.721,0.785
Zambia,2007,3.998,0.688,45.72,0.682,0.948
Zambia,2008,4.73,0.624,47.18,0.717,0.89
Zambia,2009,5.26,0.782,48.64,0.696,0.917
Zambia,2011,4.999,0.864,50.84,0.663,0.882
Zambia,2012,5.013,0.78,51.58,0.788,0.806
Zambia,2013,5.244,0.761,52.32,0.77,0.732
Zambia,2014,4.346,0.706,53.06,0.812,0.809
Zambia,2015,4.843,0.691,53.8,0.759,0.871
Zambia,2016,4.348,0.767,54.3,0.812,0.771
Zambia,2017,3.933,0.744,54.8,0.823,0.74
Zambia,2018,4.041,0.718,55.3,0.791,0.811
Zambia,2019,3.307,0.638,55.8,0.811,0.832
Zambia,2020,4.838,0.767,56.3,0.75,0.81
Zimbabwe,2006,3.826,0.822,41.58,0.431,0.905
Zimbabwe,2007,3.28,0.828,42.86,0.456,0.946
Zimbabwe,2008,3.174,0.843,44.14,0.344,0.964
Zimbabwe,2009,4.056,0.806,45.42,0.411,0.931
Zimbabwe,2010,4.682,0.857,46.7,0.665,0.828
Zimbabwe,2011,4.846,0.865,48.12,0.633,0.83
Zimbabwe,2012,4.955,0.896,49.54,0.47,0.859
Zimbabwe,2013,4.69,0.799,50.96,0.576,0.831
Zimbabwe,2014,4.184,0.766,52.38,0.642,0.82
Zimbabwe,2015,3.703,0.736,53.8,0.667,0.81
Zimbabwe,2016,3.735,0.768,54.4,0.733,0.724
Zimbabwe,2017,3.638,0.754,55,0.753,0.751
Zimbabwe,2018,3.616,0.775,55.6,0.763,0.844
Zimbabwe,2019,2.694,0.759,56.2,0.632,0.831
Zimbabwe,2020,3.16,0.717,56.8,0.643,0.789